Name,Duration,IsExplicit,Id,Uri,Artists,MainArtistName,MainArtistId,Album,AlbumId,PlayedAt
Flor (feat. Benito Martínez),173782,False,7zqbzmtpvJ9yqfnykmGYW6,spotify:track:7zqbzmtpvJ9yqfnykmGYW6,"[{""name"": ""Los Rivera Destino"", ""external_urls"": {""spotify"": ""https://open.spotify.com/artist/7LQaY9LGXHzoJY8DvwpSid""}, ""uri"": ""spotify:artist:7LQaY9LGXHzoJY8DvwpSid"", ""href"": ""https://api.spotify.com/v1/artists/7LQaY9LGXHzoJY8DvwpSid"", ""type"": ""artist"", ""id"": ""7LQaY9LGXHzoJY8DvwpSid""}, {""name"": ""Benito Martinez"", ""external_urls"": {""spotify"": ""https://open.spotify.com/artist/1hZ8FsZbzpN6p5TP4xuMTn""}, ""uri"": ""spotify:artist:1hZ8FsZbzpN6p5TP4xuMTn"", ""href"": ""https://api.spotify.com/v1/artists/1hZ8FsZbzpN6p5TP4xuMTn"", ""type"": ""artist"", ""id"": ""1hZ8FsZbzpN6p5TP4xuMTn""}]",Los Rivera Destino,7LQaY9LGXHzoJY8DvwpSid,Flor (feat. Benito Martínez),spotify:album:5c5z3CRSr3N9ntn1oLDko3,2019-06-19T20:51:33.442Z
Phone Down - OFFAIAH Remix,180090,False,3hTUA9BrpXH70MO5VabjkK,spotify:track:3hTUA9BrpXH70MO5VabjkK,"[{""name"": ""Armin van Buuren"", ""external_urls"": {""spotify"": ""https://open.spotify.com/artist/0SfsnGyD8FpIN4U4WCkBZ5""}, ""uri"": ""spotify:artist:0SfsnGyD8FpIN4U4WCkBZ5"", ""href"": ""https://api.spotify.com/v1/artists/0SfsnGyD8FpIN4U4WCkBZ5"", ""type"": ""artist"", ""id"": ""0SfsnGyD8FpIN4U4WCkBZ5""}]",Armin van Buuren,0SfsnGyD8FpIN4U4WCkBZ5,Phone Down (Remixes),spotify:album:5IoUJoexPDDUceuJNbe8RO,2019-06-20T09:15:19.852Z
Goodbye,256786,False,7M0fsXo6rpXOKkveYooBob,spotify:track:7M0fsXo6rpXOKkveYooBob,"[{""name"": ""Apparat"", ""external_urls"": {""spotify"": ""https://open.spotify.com/artist/40Ojab0UtVQFjA76qXr8Ot""}, ""uri"": ""spotify:artist:40Ojab0UtVQFjA76qXr8Ot"", ""href"": ""https://api.spotify.com/v1/artists/40Ojab0UtVQFjA76qXr8Ot"", ""type"": ""artist"", ""id"": ""40Ojab0UtVQFjA76qXr8Ot""}]",Apparat,40Ojab0UtVQFjA76qXr8Ot,The Devil's Walk,spotify:album:3LDLJX6JTDZvcCdkK7JQit,2019-06-26T13:37:41.934Z
Goodbye,256786,False,7M0fsXo6rpXOKkveYooBob,spotify:track:7M0fsXo6rpXOKkveYooBob,"[{""name"": ""Apparat"", ""external_urls"": {""spotify"": ""https://open.spotify.com/artist/40Ojab0UtVQFjA76qXr8Ot""}, ""uri"": ""spotify:artist:40Ojab0UtVQFjA76qXr8Ot"", ""href"": ""https://api.spotify.com/v1/artists/40Ojab0UtVQFjA76qXr8Ot"", ""type"": ""artist"", ""id"": ""40Ojab0UtVQFjA76qXr8Ot""}]",Apparat,40Ojab0UtVQFjA76qXr8Ot,The Devil's Walk,spotify:album:3LDLJX6JTDZvcCdkK7JQit,2019-06-26T16:56:18.817Z
Peace (Suite) [Previously Unreleased],152480,False,7rKX4gJxe9HsVdkXLU8eiD,spotify:track:7rKX4gJxe9HsVdkXLU8eiD,"[{""name"": ""King Crimson"", ""external_urls"": {""spotify"": ""https://open.spotify.com/artist/7M1FPw29m5FbicYzS2xdpi""}, ""uri"": ""spotify:artist:7M1FPw29m5FbicYzS2xdpi"", ""href"": ""https://api.spotify.com/v1/artists/7M1FPw29m5FbicYzS2xdpi"", ""type"": ""artist"", ""id"": ""7M1FPw29m5FbicYzS2xdpi""}]",King Crimson,7M1FPw29m5FbicYzS2xdpi,"Peace (Suite) [KC50, Vol. 23]",spotify:album:20eLZEQ87TjgbLO4S5HRbM,2019-06-27T08:28:55.353Z
Energy (with A$AP Rocky & Sabrina Claudio),228395,False,13jLiEg5wdMXuJzXXnRcnj,spotify:track:13jLiEg5wdMXuJzXXnRcnj,"[{""name"": ""BURNS"", ""external_urls"": {""spotify"": ""https://open.spotify.com/artist/5eKqhPrKad0J9xGAtq3rW7""}, ""uri"": ""spotify:artist:5eKqhPrKad0J9xGAtq3rW7"", ""href"": ""https://api.spotify.com/v1/artists/5eKqhPrKad0J9xGAtq3rW7"", ""type"": ""artist"", ""id"": ""5eKqhPrKad0J9xGAtq3rW7""}, {""name"": ""A$AP Rocky"", ""external_urls"": {""spotify"": ""https://open.spotify.com/artist/13ubrt8QOOCPljQ2FL1Kca""}, ""uri"": ""spotify:artist:13ubrt8QOOCPljQ2FL1Kca"", ""href"": ""https://api.spotify.com/v1/artists/13ubrt8QOOCPljQ2FL1Kca"", ""type"": ""artist"", ""id"": ""13ubrt8QOOCPljQ2FL1Kca""}, {""name"": ""Sabrina Claudio"", ""external_urls"": {""spotify"": ""https://open.spotify.com/artist/30DhU7BDmF4PH0JVhu8ZRg""}, ""uri"": ""spotify:artist:30DhU7BDmF4PH0JVhu8ZRg"", ""href"": ""https://api.spotify.com/v1/artists/30DhU7BDmF4PH0JVhu8ZRg"", ""type"": ""artist"", ""id"": ""30DhU7BDmF4PH0JVhu8ZRg""}]",BURNS,5eKqhPrKad0J9xGAtq3rW7,Energy (with A$AP Rocky & Sabrina Claudio),spotify:album:2Scq3cyNzKxmN6L8qtWaCc,2019-06-27T10:25:49.837Z
Chancer,95136,False,4KlOTPE8uUzBFf4y4vFAw1,spotify:track:4KlOTPE8uUzBFf4y4vFAw1,"[{""name"": ""Dean Blunt"", ""external_urls"": {""spotify"": ""https://open.spotify.com/artist/5CFSYjc0PAiQvndFjafabk""}, ""uri"": ""spotify:artist:5CFSYjc0PAiQvndFjafabk"", ""href"": ""https://api.spotify.com/v1/artists/5CFSYjc0PAiQvndFjafabk"", ""type"": ""artist"", ""id"": ""5CFSYjc0PAiQvndFjafabk""}, {""name"": ""A$AP Rocky"", ""external_urls"": {""spotify"": ""https://open.spotify.com/artist/13ubrt8QOOCPljQ2FL1Kca""}, ""uri"": ""spotify:artist:13ubrt8QOOCPljQ2FL1Kca"", ""href"": ""https://api.spotify.com/v1/artists/13ubrt8QOOCPljQ2FL1Kca"", ""type"": ""artist"", ""id"": ""13ubrt8QOOCPljQ2FL1Kca""}]",Dean Blunt,5CFSYjc0PAiQvndFjafabk,Soul On Fire,spotify:album:6TszLBjIeLIiys3W7JZFog,2019-06-27T14:45:23.772Z
It Takes a Village,136376,False,127CkNVIrOjH46fqI5REzd,spotify:track:127CkNVIrOjH46fqI5REzd,"[{""name"": ""Marquis Hill"", ""external_urls"": {""spotify"": ""https://open.spotify.com/artist/5QI54xb4Ovm8DwDkmmHbez""}, ""uri"": ""spotify:artist:5QI54xb4Ovm8DwDkmmHbez"", ""href"": ""https://api.spotify.com/v1/artists/5QI54xb4Ovm8DwDkmmHbez"", ""type"": ""artist"", ""id"": ""5QI54xb4Ovm8DwDkmmHbez""}, {""name"": ""Brandon Alexander Willams"", ""external_urls"": {""spotify"": ""https://open.spotify.com/artist/0kJf5WTyzLuLntecduinYa""}, ""uri"": ""spotify:artist:0kJf5WTyzLuLntecduinYa"", ""href"": ""https://api.spotify.com/v1/artists/0kJf5WTyzLuLntecduinYa"", ""type"": ""artist"", ""id"": ""0kJf5WTyzLuLntecduinYa""}]",Marquis Hill,5QI54xb4Ovm8DwDkmmHbez,"Modern Flows, Vol. 2",spotify:album:4sCmxfgKflff6OQQsAw97V,2019-06-27T14:52:57.582Z
Caligula,316479,False,48q11vTdgDhiESkhgZ7hoG,spotify:track:48q11vTdgDhiESkhgZ7hoG,"[{""name"": ""Windows 96"", ""external_urls"": {""spotify"": ""https://open.spotify.com/artist/65XcfOOaVxbZnNlz40DK7i""}, ""uri"": ""spotify:artist:65XcfOOaVxbZnNlz40DK7i"", ""href"": ""https://api.spotify.com/v1/artists/65XcfOOaVxbZnNlz40DK7i"", ""type"": ""artist"", ""id"": ""65XcfOOaVxbZnNlz40DK7i""}]",Windows 96,65XcfOOaVxbZnNlz40DK7i,One Hundred Mornings,spotify:album:7KM5v855lI0ht12SZ7wVOw,2019-06-27T14:50:40.685Z
Rose - A COLORS SHOW,229598,False,5maHVorfdeqeIJHqHaZCuc,spotify:track:5maHVorfdeqeIJHqHaZCuc,"[{""name"": ""YellowStraps"", ""external_urls"": {""spotify"": ""https://open.spotify.com/artist/772hWD0N94gYjnVhrqE7lx""}, ""uri"": ""spotify:artist:772hWD0N94gYjnVhrqE7lx"", ""href"": ""https://api.spotify.com/v1/artists/772hWD0N94gYjnVhrqE7lx"", ""type"": ""artist"", ""id"": ""772hWD0N94gYjnVhrqE7lx""}]",YellowStraps,772hWD0N94gYjnVhrqE7lx,Rose - A COLORS SHOW,spotify:album:3BQ1xIFnrFkrbESdGUFLYd,2019-06-27T15:01:28.862Z
Sweet Memory,133383,False,3dWNxcNW2N0mXTHoFQq2yI,spotify:track:3dWNxcNW2N0mXTHoFQq2yI,"[{""name"": ""ARTHUR"", ""external_urls"": {""spotify"": ""https://open.spotify.com/artist/0vIme0FGc4SmFByKiV27tw""}, ""uri"": ""spotify:artist:0vIme0FGc4SmFByKiV27tw"", ""href"": ""https://api.spotify.com/v1/artists/0vIme0FGc4SmFByKiV27tw"", ""type"": ""artist"", ""id"": ""0vIme0FGc4SmFByKiV27tw""}]",ARTHUR,0vIme0FGc4SmFByKiV27tw,Woof Woof,spotify:album:6aD4jFBf2M4Z7kPyvktVdq,2019-06-27T15:54:28.710Z
リラックマたちとの暮らし,88366,False,4sme9us2oEfWUHbYY6Eyas,spotify:track:4sme9us2oEfWUHbYY6Eyas,"[{""name"": ""Shigeru Kishida"", ""external_urls"": {""spotify"": ""https://open.spotify.com/artist/62TpalmxXUjLKyxJUgZt6W""}, ""uri"": ""spotify:artist:62TpalmxXUjLKyxJUgZt6W"", ""href"": ""https://api.spotify.com/v1/artists/62TpalmxXUjLKyxJUgZt6W"", ""type"": ""artist"", ""id"": ""62TpalmxXUjLKyxJUgZt6W""}]",Shigeru Kishida,62TpalmxXUjLKyxJUgZt6W,リラックマとカオルさん オリジナル・サウンドトラック (NETFLIXオリジナルシリーズ),spotify:album:6hIIo91PPvrp8J0YWjobP1,2019-06-27T15:09:25.463Z
Dead Presidents II,212500,False,1Aolp4EY0RN69okQrDRGBc,spotify:track:1Aolp4EY0RN69okQrDRGBc,"[{""name"": ""Jay Z"", ""external_urls"": {""spotify"": ""https://open.spotify.com/artist/2KUhiqlXzyDGS97SSaUsqn""}, ""uri"": ""spotify:artist:2KUhiqlXzyDGS97SSaUsqn"", ""href"": ""https://api.spotify.com/v1/artists/2KUhiqlXzyDGS97SSaUsqn"", ""type"": ""artist"", ""id"": ""2KUhiqlXzyDGS97SSaUsqn""}]",Jay Z,2KUhiqlXzyDGS97SSaUsqn,Hip-Hop Classics 1996,spotify:album:14Lst13cITSSPNGcLp9iLC,2019-06-27T15:24:13.453Z
Ultrafiche of You,299745,False,4JNZQHvgLmeTELC5AP6uGN,spotify:track:4JNZQHvgLmeTELC5AP6uGN,"[{""name"": ""Com Truise"", ""external_urls"": {""spotify"": ""https://open.spotify.com/artist/2wouN3QXejYa5tKetYdcVX""}, ""uri"": ""spotify:artist:2wouN3QXejYa5tKetYdcVX"", ""href"": ""https://api.spotify.com/v1/artists/2wouN3QXejYa5tKetYdcVX"", ""type"": ""artist"", ""id"": ""2wouN3QXejYa5tKetYdcVX""}]",Com Truise,2wouN3QXejYa5tKetYdcVX,Persuasion System,spotify:album:2Takb3WbmLXRVvXiFfnjnk,2019-06-27T15:52:14.836Z
1:04 PM,130552,False,3OL4SqC49GzFQ6OshxNUr0,spotify:track:3OL4SqC49GzFQ6OshxNUr0,"[{""name"": ""Quadry"", ""external_urls"": {""spotify"": ""https://open.spotify.com/artist/2pzBpiI8GzFAEauiwvjVsR""}, ""uri"": ""spotify:artist:2pzBpiI8GzFAEauiwvjVsR"", ""href"": ""https://api.spotify.com/v1/artists/2pzBpiI8GzFAEauiwvjVsR"", ""type"": ""artist"", ""id"": ""2pzBpiI8GzFAEauiwvjVsR""}]",Quadry,2pzBpiI8GzFAEauiwvjVsR,Malik Ruff,spotify:album:5t9IVhwtH2xAXwISKkLqIi,2019-06-27T15:15:20.968Z
Liberty,160226,False,2q2EAq1UZQGenqXZgBkLbu,spotify:track:2q2EAq1UZQGenqXZgBkLbu,"[{""name"": ""Amnesty"", ""external_urls"": {""spotify"": ""https://open.spotify.com/artist/13clnHtI56jEGjzqeD0Q1o""}, ""uri"": ""spotify:artist:13clnHtI56jEGjzqeD0Q1o"", ""href"": ""https://api.spotify.com/v1/artists/13clnHtI56jEGjzqeD0Q1o"", ""type"": ""artist"", ""id"": ""13clnHtI56jEGjzqeD0Q1o""}]",Amnesty,13clnHtI56jEGjzqeD0Q1o,Free Your Mind,spotify:album:6egPdO2BtKte1CZpOd6Oxj,2019-06-27T15:20:40.545Z
Pray,280699,False,1MJUvkDWM7bdgah1kT3BsL,spotify:track:1MJUvkDWM7bdgah1kT3BsL,"[{""name"": ""Jungle"", ""external_urls"": {""spotify"": ""https://open.spotify.com/artist/59oA5WbbQvomJz2BuRG071""}, ""uri"": ""spotify:artist:59oA5WbbQvomJz2BuRG071"", ""href"": ""https://api.spotify.com/v1/artists/59oA5WbbQvomJz2BuRG071"", ""type"": ""artist"", ""id"": ""59oA5WbbQvomJz2BuRG071""}]",Jungle,59oA5WbbQvomJz2BuRG071,For Ever,spotify:album:1VZxGX1lzF1QjY5QofhC5r,2019-06-27T14:57:38.797Z
The Story Of Adidon,193410,False,2JQi5RE10cJLUUHVDocy7C,spotify:track:2JQi5RE10cJLUUHVDocy7C,"[{""name"": ""DJ BomaNdoki"", ""external_urls"": {""spotify"": ""https://open.spotify.com/artist/0VNa1CNqbWJ217OhBf5ADa""}, ""uri"": ""spotify:artist:0VNa1CNqbWJ217OhBf5ADa"", ""href"": ""https://api.spotify.com/v1/artists/0VNa1CNqbWJ217OhBf5ADa"", ""type"": ""artist"", ""id"": ""0VNa1CNqbWJ217OhBf5ADa""}, {""name"": ""Bousmara Division N\u00b01"", ""external_urls"": {""spotify"": ""https://open.spotify.com/artist/7kiuLspTCXvGxfTFKV6qHy""}, ""uri"": ""spotify:artist:7kiuLspTCXvGxfTFKV6qHy"", ""href"": ""https://api.spotify.com/v1/artists/7kiuLspTCXvGxfTFKV6qHy"", ""type"": ""artist"", ""id"": ""7kiuLspTCXvGxfTFKV6qHy""}]",DJ BomaNdoki,0VNa1CNqbWJ217OhBf5ADa,The King #LA,spotify:album:2cgeVQfo4c00e0f52hWz8a,2019-06-27T15:07:55.604Z
Lonely Feelings,258493,False,0RtkHfadSVMBrbCdiu5ZKh,spotify:track:0RtkHfadSVMBrbCdiu5ZKh,"[{""name"": ""Love Supreme"", ""external_urls"": {""spotify"": ""https://open.spotify.com/artist/29KoQai9cdLvwkP97hZ4W7""}, ""uri"": ""spotify:artist:29KoQai9cdLvwkP97hZ4W7"", ""href"": ""https://api.spotify.com/v1/artists/29KoQai9cdLvwkP97hZ4W7"", ""type"": ""artist"", ""id"": ""29KoQai9cdLvwkP97hZ4W7""}]",Love Supreme,29KoQai9cdLvwkP97hZ4W7,Love Supreme,spotify:album:6bwTF3VBqO517fJeGrAGVX,2019-06-27T15:30:07.567Z
"U Say (feat. Tyler, The Creator & Jay Prince)",201240,True,2p37Mfy2PWajgOS3i2aaep,spotify:track:2p37Mfy2PWajgOS3i2aaep,"[{""name"": ""GoldLink"", ""external_urls"": {""spotify"": ""https://open.spotify.com/artist/5XenQ7XfcvQdfIbpLEFaKQ""}, ""uri"": ""spotify:artist:5XenQ7XfcvQdfIbpLEFaKQ"", ""href"": ""https://api.spotify.com/v1/artists/5XenQ7XfcvQdfIbpLEFaKQ"", ""type"": ""artist"", ""id"": ""5XenQ7XfcvQdfIbpLEFaKQ""}, {""name"": ""Tyler, The Creator"", ""external_urls"": {""spotify"": ""https://open.spotify.com/artist/4V8LLVI7PbaPR0K2TGSxFF""}, ""uri"": ""spotify:artist:4V8LLVI7PbaPR0K2TGSxFF"", ""href"": ""https://api.spotify.com/v1/artists/4V8LLVI7PbaPR0K2TGSxFF"", ""type"": ""artist"", ""id"": ""4V8LLVI7PbaPR0K2TGSxFF""}, {""name"": ""Jay Prince"", ""external_urls"": {""spotify"": ""https://open.spotify.com/artist/2TLYSzGyVYkxAgYSCqUnQj""}, ""uri"": ""spotify:artist:2TLYSzGyVYkxAgYSCqUnQj"", ""href"": ""https://api.spotify.com/v1/artists/2TLYSzGyVYkxAgYSCqUnQj"", ""type"": ""artist"", ""id"": ""2TLYSzGyVYkxAgYSCqUnQj""}]",GoldLink,5XenQ7XfcvQdfIbpLEFaKQ,Diaspora,spotify:album:790qROmQ1y4aPEYLcSkScH,2019-06-19T15:51:05.823Z
Zulu Screams (feat. Maleek Berry & Bibi Bourelly),177706,True,2YRDTr0reanrGZOTsWXdek,spotify:track:2YRDTr0reanrGZOTsWXdek,"[{""name"": ""GoldLink"", ""external_urls"": {""spotify"": ""https://open.spotify.com/artist/5XenQ7XfcvQdfIbpLEFaKQ""}, ""uri"": ""spotify:artist:5XenQ7XfcvQdfIbpLEFaKQ"", ""href"": ""https://api.spotify.com/v1/artists/5XenQ7XfcvQdfIbpLEFaKQ"", ""type"": ""artist"", ""id"": ""5XenQ7XfcvQdfIbpLEFaKQ""}, {""name"": ""Maleek Berry"", ""external_urls"": {""spotify"": ""https://open.spotify.com/artist/520qA5VGL9iI0SbmEnTVNg""}, ""uri"": ""spotify:artist:520qA5VGL9iI0SbmEnTVNg"", ""href"": ""https://api.spotify.com/v1/artists/520qA5VGL9iI0SbmEnTVNg"", ""type"": ""artist"", ""id"": ""520qA5VGL9iI0SbmEnTVNg""}, {""name"": ""Bibi Bourelly"", ""external_urls"": {""spotify"": ""https://open.spotify.com/artist/3jDtqAKltRxJi64svLZGj7""}, ""uri"": ""spotify:artist:3jDtqAKltRxJi64svLZGj7"", ""href"": ""https://api.spotify.com/v1/artists/3jDtqAKltRxJi64svLZGj7"", ""type"": ""artist"", ""id"": ""3jDtqAKltRxJi64svLZGj7""}]",GoldLink,5XenQ7XfcvQdfIbpLEFaKQ,Diaspora,spotify:album:790qROmQ1y4aPEYLcSkScH,2019-06-19T15:51:41.129Z
"U Say (feat. Tyler, The Creator & Jay Prince)",200801,True,0xYlNtVflZPG1pUbk4qp77,spotify:track:0xYlNtVflZPG1pUbk4qp77,"[{""name"": ""GoldLink"", ""external_urls"": {""spotify"": ""https://open.spotify.com/artist/5XenQ7XfcvQdfIbpLEFaKQ""}, ""uri"": ""spotify:artist:5XenQ7XfcvQdfIbpLEFaKQ"", ""href"": ""https://api.spotify.com/v1/artists/5XenQ7XfcvQdfIbpLEFaKQ"", ""type"": ""artist"", ""id"": ""5XenQ7XfcvQdfIbpLEFaKQ""}, {""name"": ""Tyler, The Creator"", ""external_urls"": {""spotify"": ""https://open.spotify.com/artist/4V8LLVI7PbaPR0K2TGSxFF""}, ""uri"": ""spotify:artist:4V8LLVI7PbaPR0K2TGSxFF"", ""href"": ""https://api.spotify.com/v1/artists/4V8LLVI7PbaPR0K2TGSxFF"", ""type"": ""artist"", ""id"": ""4V8LLVI7PbaPR0K2TGSxFF""}, {""name"": ""Jay Prince"", ""external_urls"": {""spotify"": ""https://open.spotify.com/artist/2TLYSzGyVYkxAgYSCqUnQj""}, ""uri"": ""spotify:artist:2TLYSzGyVYkxAgYSCqUnQj"", ""href"": ""https://api.spotify.com/v1/artists/2TLYSzGyVYkxAgYSCqUnQj"", ""type"": ""artist"", ""id"": ""2TLYSzGyVYkxAgYSCqUnQj""}]",GoldLink,5XenQ7XfcvQdfIbpLEFaKQ,"U Say (feat. Tyler, The Creator & Jay Prince)",spotify:album:5g0xMnMMjem2z6vr3ZXzES,2019-06-20T09:08:19.536Z
Time,210279,True,05v5mPkLAOoa7M5tnXXOwq,spotify:track:05v5mPkLAOoa7M5tnXXOwq,"[{""name"": ""Free Nationals"", ""external_urls"": {""spotify"": ""https://open.spotify.com/artist/4596e2d3KmYzAeVenjCxfj""}, ""uri"": ""spotify:artist:4596e2d3KmYzAeVenjCxfj"", ""href"": ""https://api.spotify.com/v1/artists/4596e2d3KmYzAeVenjCxfj"", ""type"": ""artist"", ""id"": ""4596e2d3KmYzAeVenjCxfj""}, {""name"": ""Mac Miller"", ""external_urls"": {""spotify"": ""https://open.spotify.com/artist/4LLpKhyESsyAXpc4laK94U""}, ""uri"": ""spotify:artist:4LLpKhyESsyAXpc4laK94U"", ""href"": ""https://api.spotify.com/v1/artists/4LLpKhyESsyAXpc4laK94U"", ""type"": ""artist"", ""id"": ""4LLpKhyESsyAXpc4laK94U""}, {""name"": ""Kali Uchis"", ""external_urls"": {""spotify"": ""https://open.spotify.com/artist/1U1el3k54VvEUzo3ybLPlM""}, ""uri"": ""spotify:artist:1U1el3k54VvEUzo3ybLPlM"", ""href"": ""https://api.spotify.com/v1/artists/1U1el3k54VvEUzo3ybLPlM"", ""type"": ""artist"", ""id"": ""1U1el3k54VvEUzo3ybLPlM""}]",Free Nationals,4596e2d3KmYzAeVenjCxfj,Time,spotify:album:5SEQL40XcXX1FUHtiqa8PG,2019-06-27T08:26:22.367Z
Nu Stogie,266001,True,34UbnrDRI2pYTTaTYbcSFr,spotify:track:34UbnrDRI2pYTTaTYbcSFr,"[{""name"": ""Stoney Willis"", ""external_urls"": {""spotify"": ""https://open.spotify.com/artist/0WkzTjiDcj7D1DfTe72b8e""}, ""uri"": ""spotify:artist:0WkzTjiDcj7D1DfTe72b8e"", ""href"": ""https://api.spotify.com/v1/artists/0WkzTjiDcj7D1DfTe72b8e"", ""type"": ""artist"", ""id"": ""0WkzTjiDcj7D1DfTe72b8e""}, {""name"": ""Earl Sweatshirt"", ""external_urls"": {""spotify"": ""https://open.spotify.com/artist/3A5tHz1SfngyOZM2gItYKu""}, ""uri"": ""spotify:artist:3A5tHz1SfngyOZM2gItYKu"", ""href"": ""https://api.spotify.com/v1/artists/3A5tHz1SfngyOZM2gItYKu"", ""type"": ""artist"", ""id"": ""3A5tHz1SfngyOZM2gItYKu""}]",Stoney Willis,0WkzTjiDcj7D1DfTe72b8e,Nu Stogie,spotify:album:5G0GDb7zjBP5fQd871FleO,2019-06-27T08:51:19.674Z
a lot,288624,True,2t8yVaLvJ0RenpXUIAC52d,spotify:track:2t8yVaLvJ0RenpXUIAC52d,"[{""name"": ""21 Savage"", ""external_urls"": {""spotify"": ""https://open.spotify.com/artist/1URnnhqYAYcrqrcwql10ft""}, ""uri"": ""spotify:artist:1URnnhqYAYcrqrcwql10ft"", ""href"": ""https://api.spotify.com/v1/artists/1URnnhqYAYcrqrcwql10ft"", ""type"": ""artist"", ""id"": ""1URnnhqYAYcrqrcwql10ft""}]",21 Savage,1URnnhqYAYcrqrcwql10ft,i am > i was,spotify:album:007DWn799UWvfY1wwZeENR,2019-06-27T08:20:58.336Z
Jesus Is The One (I Got Depression),112800,True,1YR9iNGXtsbrd8deR9ULDD,spotify:track:1YR9iNGXtsbrd8deR9ULDD,"[{""name"": ""Zack Fox"", ""external_urls"": {""spotify"": ""https://open.spotify.com/artist/1UH80jhsYsFztK0anu2FNS""}, ""uri"": ""spotify:artist:1UH80jhsYsFztK0anu2FNS"", ""href"": ""https://api.spotify.com/v1/artists/1UH80jhsYsFztK0anu2FNS"", ""type"": ""artist"", ""id"": ""1UH80jhsYsFztK0anu2FNS""}, {""name"": ""Kenny Beats"", ""external_urls"": {""spotify"": ""https://open.spotify.com/artist/1rHOtdmGNr5vcYNw5v7QGC""}, ""uri"": ""spotify:artist:1rHOtdmGNr5vcYNw5v7QGC"", ""href"": ""https://api.spotify.com/v1/artists/1rHOtdmGNr5vcYNw5v7QGC"", ""type"": ""artist"", ""id"": ""1rHOtdmGNr5vcYNw5v7QGC""}]",Zack Fox,1UH80jhsYsFztK0anu2FNS,Jesus Is The One (I Got Depression),spotify:album:4M8vfAVCrE4H0Qg25TyYyz,2019-06-27T08:22:51.598Z
Vaping in the Hood,199053,True,4sbdV8g1Hge6AxNe6meeFL,spotify:track:4sbdV8g1Hge6AxNe6meeFL,"[{""name"": ""Dj Jules"", ""external_urls"": {""spotify"": ""https://open.spotify.com/artist/1lnB4b8jEsNyJZZAzo79q1""}, ""uri"": ""spotify:artist:1lnB4b8jEsNyJZZAzo79q1"", ""href"": ""https://api.spotify.com/v1/artists/1lnB4b8jEsNyJZZAzo79q1"", ""type"": ""artist"", ""id"": ""1lnB4b8jEsNyJZZAzo79q1""}]",Dj Jules,1lnB4b8jEsNyJZZAzo79q1,Vaping in the Hood,spotify:album:36DE4jzmYuhkZGG0fwfPc0,2019-06-27T10:29:09.363Z
BamBam,67104,True,3dFP3jo2prGucStgdQFOT1,spotify:track:3dFP3jo2prGucStgdQFOT1,"[{""name"": ""Yandhi"", ""external_urls"": {""spotify"": ""https://open.spotify.com/artist/3zGBYPgeO80hsA9j8AsShz""}, ""uri"": ""spotify:artist:3zGBYPgeO80hsA9j8AsShz"", ""href"": ""https://api.spotify.com/v1/artists/3zGBYPgeO80hsA9j8AsShz"", ""type"": ""artist"", ""id"": ""3zGBYPgeO80hsA9j8AsShz""}]",Yandhi,3zGBYPgeO80hsA9j8AsShz,BamBam,spotify:album:3ZEWKD7jgTFYha5EkOsBQL,2019-06-27T15:25:21.101Z
Wrestlemania 20 (feat. Anderson .Paak),384500,True,1BvfiwG6Kb2wI00jt1aEmk,spotify:track:1BvfiwG6Kb2wI00jt1aEmk,"[{""name"": ""Westside Gunn"", ""external_urls"": {""spotify"": ""https://open.spotify.com/artist/0ABk515kENDyATUdpCKVfW""}, ""uri"": ""spotify:artist:0ABk515kENDyATUdpCKVfW"", ""href"": ""https://api.spotify.com/v1/artists/0ABk515kENDyATUdpCKVfW"", ""type"": ""artist"", ""id"": ""0ABk515kENDyATUdpCKVfW""}, {""name"": ""Anderson .Paak"", ""external_urls"": {""spotify"": ""https://open.spotify.com/artist/3jK9MiCrA42lLAdMGUZpwa""}, ""uri"": ""spotify:artist:3jK9MiCrA42lLAdMGUZpwa"", ""href"": ""https://api.spotify.com/v1/artists/3jK9MiCrA42lLAdMGUZpwa"", ""type"": ""artist"", ""id"": ""3jK9MiCrA42lLAdMGUZpwa""}]",Westside Gunn,0ABk515kENDyATUdpCKVfW,Supreme Blientele,spotify:album:7y5SAIhUDzt6JlRhHeCQVI,2019-06-27T15:41:35.910Z
Then We Get Nast(y),224000,True,2DzeiTzoepS5zf0myVGHDo,spotify:track:2DzeiTzoepS5zf0myVGHDo,"[{""name"": ""Sybyr"", ""external_urls"": {""spotify"": ""https://open.spotify.com/artist/4WVDlzQCHAIWzBP5iZwuOJ""}, ""uri"": ""spotify:artist:4WVDlzQCHAIWzBP5iZwuOJ"", ""href"": ""https://api.spotify.com/v1/artists/4WVDlzQCHAIWzBP5iZwuOJ"", ""type"": ""artist"", ""id"": ""4WVDlzQCHAIWzBP5iZwuOJ""}]",Sybyr,4WVDlzQCHAIWzBP5iZwuOJ,Latex Shawdy,spotify:album:7yh9ZLhpYOAN5ROuOKeAWO,2019-06-27T15:13:09.944Z
"Raised A Fool (feat. Jay Rock, Ab-Soul & Zacari)",338184,True,5vtGYY6ZWl5n3izcVJ7n49,spotify:track:5vtGYY6ZWl5n3izcVJ7n49,"[{""name"": ""Kembe X"", ""external_urls"": {""spotify"": ""https://open.spotify.com/artist/4uc4iep3LqgSj8qN4kp7qD""}, ""uri"": ""spotify:artist:4uc4iep3LqgSj8qN4kp7qD"", ""href"": ""https://api.spotify.com/v1/artists/4uc4iep3LqgSj8qN4kp7qD"", ""type"": ""artist"", ""id"": ""4uc4iep3LqgSj8qN4kp7qD""}, {""name"": ""Jay Rock"", ""external_urls"": {""spotify"": ""https://open.spotify.com/artist/28ExwzUQsvgJooOI0X1mr3""}, ""uri"": ""spotify:artist:28ExwzUQsvgJooOI0X1mr3"", ""href"": ""https://api.spotify.com/v1/artists/28ExwzUQsvgJooOI0X1mr3"", ""type"": ""artist"", ""id"": ""28ExwzUQsvgJooOI0X1mr3""}, {""name"": ""Ab-Soul"", ""external_urls"": {""spotify"": ""https://open.spotify.com/artist/0g9vAlRPK9Gt3FKCekk4TW""}, ""uri"": ""spotify:artist:0g9vAlRPK9Gt3FKCekk4TW"", ""href"": ""https://api.spotify.com/v1/artists/0g9vAlRPK9Gt3FKCekk4TW"", ""type"": ""artist"", ""id"": ""0g9vAlRPK9Gt3FKCekk4TW""}, {""name"": ""Zacari"", ""external_urls"": {""spotify"": ""https://open.spotify.com/artist/3qBKjEOanahMxlRojwCzhI""}, ""uri"": ""spotify:artist:3qBKjEOanahMxlRojwCzhI"", ""href"": ""https://api.spotify.com/v1/artists/3qBKjEOanahMxlRojwCzhI"", ""type"": ""artist"", ""id"": ""3qBKjEOanahMxlRojwCzhI""}]",Kembe X,4uc4iep3LqgSj8qN4kp7qD,"Raised A Fool (feat. Jay Rock, Ab-Soul & Zacari)",spotify:album:2pGDOuVj3vgIXoFG0itf2L,2019-06-27T15:47:14.578Z
Black Coffee,280553,True,1AAMj0EJJdOkErtr4HtEhS,spotify:track:1AAMj0EJJdOkErtr4HtEhS,"[{""name"": ""Kill Bill: The Rapper"", ""external_urls"": {""spotify"": ""https://open.spotify.com/artist/1t9KewtUvFMq6q7FRX1nHC""}, ""uri"": ""spotify:artist:1t9KewtUvFMq6q7FRX1nHC"", ""href"": ""https://api.spotify.com/v1/artists/1t9KewtUvFMq6q7FRX1nHC"", ""type"": ""artist"", ""id"": ""1t9KewtUvFMq6q7FRX1nHC""}]",Kill Bill: The Rapper,1t9KewtUvFMq6q7FRX1nHC,Ramona,spotify:album:2FQKpBA2aLzkgvIV7WwazZ,2019-06-27T15:35:10.955Z
"SHIBUYA (GHOST II) (feat. Jaden, Vic Mensa & Belly)",158306,True,4NYzuuSf3lqmXogSd1tnFP,spotify:track:4NYzuuSf3lqmXogSd1tnFP,"[{""name"": ""Christian Rich"", ""external_urls"": {""spotify"": ""https://open.spotify.com/artist/7cAlvWK5rgMmJ37j7woN8l""}, ""uri"": ""spotify:artist:7cAlvWK5rgMmJ37j7woN8l"", ""href"": ""https://api.spotify.com/v1/artists/7cAlvWK5rgMmJ37j7woN8l"", ""type"": ""artist"", ""id"": ""7cAlvWK5rgMmJ37j7woN8l""}, {""name"": ""Jaden"", ""external_urls"": {""spotify"": ""https://open.spotify.com/artist/0xOeVMOz2fVg5BJY3N6akT""}, ""uri"": ""spotify:artist:0xOeVMOz2fVg5BJY3N6akT"", ""href"": ""https://api.spotify.com/v1/artists/0xOeVMOz2fVg5BJY3N6akT"", ""type"": ""artist"", ""id"": ""0xOeVMOz2fVg5BJY3N6akT""}, {""name"": ""Vic Mensa"", ""external_urls"": {""spotify"": ""https://open.spotify.com/artist/27w1NoOLMX7tJMYqcetPyG""}, ""uri"": ""spotify:artist:27w1NoOLMX7tJMYqcetPyG"", ""href"": ""https://api.spotify.com/v1/artists/27w1NoOLMX7tJMYqcetPyG"", ""type"": ""artist"", ""id"": ""27w1NoOLMX7tJMYqcetPyG""}, {""name"": ""Belly"", ""external_urls"": {""spotify"": ""https://open.spotify.com/artist/0FOWNUFHPnMy0vOw1siGqi""}, ""uri"": ""spotify:artist:0FOWNUFHPnMy0vOw1siGqi"", ""href"": ""https://api.spotify.com/v1/artists/0FOWNUFHPnMy0vOw1siGqi"", ""type"": ""artist"", ""id"": ""0FOWNUFHPnMy0vOw1siGqi""}]",Christian Rich,7cAlvWK5rgMmJ37j7woN8l,"SHIBUYA (GHOST II) (feat. Jaden, Vic Mensa & Belly)",spotify:album:5IJrlRazbzvfLtK3imNEPp,2019-06-27T15:17:59.777Z
"Please Forgive (feat. Denzel Curry, IDK, Zombie Juice & ZillaKami)",192346,True,5dv1VQpsAbUv8xf8MrhoqA,spotify:track:5dv1VQpsAbUv8xf8MrhoqA,"[{""name"": ""Powers Pleasant"", ""external_urls"": {""spotify"": ""https://open.spotify.com/artist/0fYw4bch7qTxBZLS3rSVMj""}, ""uri"": ""spotify:artist:0fYw4bch7qTxBZLS3rSVMj"", ""href"": ""https://api.spotify.com/v1/artists/0fYw4bch7qTxBZLS3rSVMj"", ""type"": ""artist"", ""id"": ""0fYw4bch7qTxBZLS3rSVMj""}, {""name"": ""Denzel Curry"", ""external_urls"": {""spotify"": ""https://open.spotify.com/artist/6fxyWrfmjcbj5d12gXeiNV""}, ""uri"": ""spotify:artist:6fxyWrfmjcbj5d12gXeiNV"", ""href"": ""https://api.spotify.com/v1/artists/6fxyWrfmjcbj5d12gXeiNV"", ""type"": ""artist"", ""id"": ""6fxyWrfmjcbj5d12gXeiNV""}, {""name"": ""IDK"", ""external_urls"": {""spotify"": ""https://open.spotify.com/artist/6aiFCgyKNwF9Rv5TOxnE8E""}, ""uri"": ""spotify:artist:6aiFCgyKNwF9Rv5TOxnE8E"", ""href"": ""https://api.spotify.com/v1/artists/6aiFCgyKNwF9Rv5TOxnE8E"", ""type"": ""artist"", ""id"": ""6aiFCgyKNwF9Rv5TOxnE8E""}, {""name"": ""ZillaKami"", ""external_urls"": {""spotify"": ""https://open.spotify.com/artist/4G1zP5i0r57g1c1CxrPhfM""}, ""uri"": ""spotify:artist:4G1zP5i0r57g1c1CxrPhfM"", ""href"": ""https://api.spotify.com/v1/artists/4G1zP5i0r57g1c1CxrPhfM"", ""type"": ""artist"", ""id"": ""4G1zP5i0r57g1c1CxrPhfM""}, {""name"": ""Zombie Juice"", ""external_urls"": {""spotify"": ""https://open.spotify.com/artist/3yAXW26fnch5fOTDL1vvJR""}, ""uri"": ""spotify:artist:3yAXW26fnch5fOTDL1vvJR"", ""href"": ""https://api.spotify.com/v1/artists/3yAXW26fnch5fOTDL1vvJR"", ""type"": ""artist"", ""id"": ""3yAXW26fnch5fOTDL1vvJR""}]",Powers Pleasant,0fYw4bch7qTxBZLS3rSVMj,"Please Forgive (feat. Denzel Curry, IDK, Zombie Juice & ZillaKami)",spotify:album:0JTIBD6mNsiCSHJKybFY97,2019-06-27T15:04:41.613Z
Totally Fine,269853,False,10F9vRZJFsnB8KGesrzAPy,spotify:track:10F9vRZJFsnB8KGesrzAPy,"[{""name"": ""Alan Silvestri"", ""external_urls"": {""spotify"": ""https://open.spotify.com/artist/0Xk15jHKly4c3AhPr5vjoA""}, ""uri"": ""spotify:artist:0Xk15jHKly4c3AhPr5vjoA"", ""href"": ""https://api.spotify.com/v1/artists/0Xk15jHKly4c3AhPr5vjoA"", ""type"": ""artist"", ""id"": ""0Xk15jHKly4c3AhPr5vjoA""}]",Alan Silvestri,0Xk15jHKly4c3AhPr5vjoA,Avengers: Endgame (Original Motion Picture Soundtrack),spotify:album:6r4Vfnoifx2CLiTKCaKji8,2019-06-26T14:30:55.909Z
Is It Love? (1001) - Matt Lange Remix,238854,False,5TSuWU2l8ttYADsCfLIgx6,spotify:track:5TSuWU2l8ttYADsCfLIgx6,"[{""name"": ""Above & Beyond"", ""external_urls"": {""spotify"": ""https://open.spotify.com/artist/10gzBoINW3cLJfZUka8Zoe""}, ""uri"": ""spotify:artist:10gzBoINW3cLJfZUka8Zoe"", ""href"": ""https://api.spotify.com/v1/artists/10gzBoINW3cLJfZUka8Zoe"", ""type"": ""artist"", ""id"": ""10gzBoINW3cLJfZUka8Zoe""}, {""name"": ""Matt Lange"", ""external_urls"": {""spotify"": ""https://open.spotify.com/artist/2AmHV6vxRxvHdlxSHxnHE9""}, ""uri"": ""spotify:artist:2AmHV6vxRxvHdlxSHxnHE9"", ""href"": ""https://api.spotify.com/v1/artists/2AmHV6vxRxvHdlxSHxnHE9"", ""type"": ""artist"", ""id"": ""2AmHV6vxRxvHdlxSHxnHE9""}]",Above & Beyond,10gzBoINW3cLJfZUka8Zoe,Is It Love? (1001) [Matt Lange Remix],spotify:album:7Fegy6gXEvyJXgCttoERrU,2019-06-20T09:12:18.751Z
IGOR'S THEME,200693,False,51RN0kzWd7xeR4th5HsEtW,spotify:track:51RN0kzWd7xeR4th5HsEtW,"[{""name"": ""Tyler, The Creator"", ""external_urls"": {""spotify"": ""https://open.spotify.com/artist/4V8LLVI7PbaPR0K2TGSxFF""}, ""uri"": ""spotify:artist:4V8LLVI7PbaPR0K2TGSxFF"", ""href"": ""https://api.spotify.com/v1/artists/4V8LLVI7PbaPR0K2TGSxFF"", ""type"": ""artist"", ""id"": ""4V8LLVI7PbaPR0K2TGSxFF""}]","Tyler, The Creator",4V8LLVI7PbaPR0K2TGSxFF,IGOR,spotify:album:5zi7WsKlIiUXv09tbGLKsE,2019-06-19T13:15:16.974Z
IGOR'S THEME,200693,False,51RN0kzWd7xeR4th5HsEtW,spotify:track:51RN0kzWd7xeR4th5HsEtW,"[{""name"": ""Tyler, The Creator"", ""external_urls"": {""spotify"": ""https://open.spotify.com/artist/4V8LLVI7PbaPR0K2TGSxFF""}, ""uri"": ""spotify:artist:4V8LLVI7PbaPR0K2TGSxFF"", ""href"": ""https://api.spotify.com/v1/artists/4V8LLVI7PbaPR0K2TGSxFF"", ""type"": ""artist"", ""id"": ""4V8LLVI7PbaPR0K2TGSxFF""}]","Tyler, The Creator",4V8LLVI7PbaPR0K2TGSxFF,IGOR,spotify:album:5zi7WsKlIiUXv09tbGLKsE,2019-06-19T18:21:22.756Z
IGOR'S THEME,200693,False,51RN0kzWd7xeR4th5HsEtW,spotify:track:51RN0kzWd7xeR4th5HsEtW,"[{""name"": ""Tyler, The Creator"", ""external_urls"": {""spotify"": ""https://open.spotify.com/artist/4V8LLVI7PbaPR0K2TGSxFF""}, ""uri"": ""spotify:artist:4V8LLVI7PbaPR0K2TGSxFF"", ""href"": ""https://api.spotify.com/v1/artists/4V8LLVI7PbaPR0K2TGSxFF"", ""type"": ""artist"", ""id"": ""4V8LLVI7PbaPR0K2TGSxFF""}]","Tyler, The Creator",4V8LLVI7PbaPR0K2TGSxFF,IGOR,spotify:album:5zi7WsKlIiUXv09tbGLKsE,2019-06-19T20:25:34.944Z
IGOR'S THEME,200693,False,51RN0kzWd7xeR4th5HsEtW,spotify:track:51RN0kzWd7xeR4th5HsEtW,"[{""name"": ""Tyler, The Creator"", ""external_urls"": {""spotify"": ""https://open.spotify.com/artist/4V8LLVI7PbaPR0K2TGSxFF""}, ""uri"": ""spotify:artist:4V8LLVI7PbaPR0K2TGSxFF"", ""href"": ""https://api.spotify.com/v1/artists/4V8LLVI7PbaPR0K2TGSxFF"", ""type"": ""artist"", ""id"": ""4V8LLVI7PbaPR0K2TGSxFF""}]","Tyler, The Creator",4V8LLVI7PbaPR0K2TGSxFF,IGOR,spotify:album:5zi7WsKlIiUXv09tbGLKsE,2019-06-20T12:07:54.113Z
IGOR'S THEME,200693,False,51RN0kzWd7xeR4th5HsEtW,spotify:track:51RN0kzWd7xeR4th5HsEtW,"[{""name"": ""Tyler, The Creator"", ""external_urls"": {""spotify"": ""https://open.spotify.com/artist/4V8LLVI7PbaPR0K2TGSxFF""}, ""uri"": ""spotify:artist:4V8LLVI7PbaPR0K2TGSxFF"", ""href"": ""https://api.spotify.com/v1/artists/4V8LLVI7PbaPR0K2TGSxFF"", ""type"": ""artist"", ""id"": ""4V8LLVI7PbaPR0K2TGSxFF""}]","Tyler, The Creator",4V8LLVI7PbaPR0K2TGSxFF,IGOR,spotify:album:5zi7WsKlIiUXv09tbGLKsE,2019-06-23T20:24:26.333Z
IGOR'S THEME,200693,False,51RN0kzWd7xeR4th5HsEtW,spotify:track:51RN0kzWd7xeR4th5HsEtW,"[{""name"": ""Tyler, The Creator"", ""external_urls"": {""spotify"": ""https://open.spotify.com/artist/4V8LLVI7PbaPR0K2TGSxFF""}, ""uri"": ""spotify:artist:4V8LLVI7PbaPR0K2TGSxFF"", ""href"": ""https://api.spotify.com/v1/artists/4V8LLVI7PbaPR0K2TGSxFF"", ""type"": ""artist"", ""id"": ""4V8LLVI7PbaPR0K2TGSxFF""}]","Tyler, The Creator",4V8LLVI7PbaPR0K2TGSxFF,IGOR,spotify:album:5zi7WsKlIiUXv09tbGLKsE,2019-06-26T14:34:43.383Z
IGOR'S THEME,200693,False,51RN0kzWd7xeR4th5HsEtW,spotify:track:51RN0kzWd7xeR4th5HsEtW,"[{""name"": ""Tyler, The Creator"", ""external_urls"": {""spotify"": ""https://open.spotify.com/artist/4V8LLVI7PbaPR0K2TGSxFF""}, ""uri"": ""spotify:artist:4V8LLVI7PbaPR0K2TGSxFF"", ""href"": ""https://api.spotify.com/v1/artists/4V8LLVI7PbaPR0K2TGSxFF"", ""type"": ""artist"", ""id"": ""4V8LLVI7PbaPR0K2TGSxFF""}]","Tyler, The Creator",4V8LLVI7PbaPR0K2TGSxFF,IGOR,spotify:album:5zi7WsKlIiUXv09tbGLKsE,2019-06-26T15:22:40.267Z
"GONE, GONE / THANK YOU",375386,True,1hz7SRTGUNAtIQ46qiNv2p,spotify:track:1hz7SRTGUNAtIQ46qiNv2p,"[{""name"": ""Tyler, The Creator"", ""external_urls"": {""spotify"": ""https://open.spotify.com/artist/4V8LLVI7PbaPR0K2TGSxFF""}, ""uri"": ""spotify:artist:4V8LLVI7PbaPR0K2TGSxFF"", ""href"": ""https://api.spotify.com/v1/artists/4V8LLVI7PbaPR0K2TGSxFF"", ""type"": ""artist"", ""id"": ""4V8LLVI7PbaPR0K2TGSxFF""}]","Tyler, The Creator",4V8LLVI7PbaPR0K2TGSxFF,IGOR,spotify:album:5zi7WsKlIiUXv09tbGLKsE,2019-06-19T12:54:29.121Z
A BOY IS A GUN*,210253,True,1nXZnTALNXiPlvXotqHm66,spotify:track:1nXZnTALNXiPlvXotqHm66,"[{""name"": ""Tyler, The Creator"", ""external_urls"": {""spotify"": ""https://open.spotify.com/artist/4V8LLVI7PbaPR0K2TGSxFF""}, ""uri"": ""spotify:artist:4V8LLVI7PbaPR0K2TGSxFF"", ""href"": ""https://api.spotify.com/v1/artists/4V8LLVI7PbaPR0K2TGSxFF"", ""type"": ""artist"", ""id"": ""4V8LLVI7PbaPR0K2TGSxFF""}]","Tyler, The Creator",4V8LLVI7PbaPR0K2TGSxFF,IGOR,spotify:album:5zi7WsKlIiUXv09tbGLKsE,2019-06-19T12:11:55.889Z
NEW MAGIC WAND,195320,True,0fv2KH6hac06J86hBUTcSf,spotify:track:0fv2KH6hac06J86hBUTcSf,"[{""name"": ""Tyler, The Creator"", ""external_urls"": {""spotify"": ""https://open.spotify.com/artist/4V8LLVI7PbaPR0K2TGSxFF""}, ""uri"": ""spotify:artist:4V8LLVI7PbaPR0K2TGSxFF"", ""href"": ""https://api.spotify.com/v1/artists/4V8LLVI7PbaPR0K2TGSxFF"", ""type"": ""artist"", ""id"": ""4V8LLVI7PbaPR0K2TGSxFF""}]","Tyler, The Creator",4V8LLVI7PbaPR0K2TGSxFF,IGOR,spotify:album:5zi7WsKlIiUXv09tbGLKsE,2019-06-19T12:08:25.776Z
I THINK,212013,True,4f8Mh5wuWHOsfXtzjrJB3t,spotify:track:4f8Mh5wuWHOsfXtzjrJB3t,"[{""name"": ""Tyler, The Creator"", ""external_urls"": {""spotify"": ""https://open.spotify.com/artist/4V8LLVI7PbaPR0K2TGSxFF""}, ""uri"": ""spotify:artist:4V8LLVI7PbaPR0K2TGSxFF"", ""href"": ""https://api.spotify.com/v1/artists/4V8LLVI7PbaPR0K2TGSxFF"", ""type"": ""artist"", ""id"": ""4V8LLVI7PbaPR0K2TGSxFF""}]","Tyler, The Creator",4V8LLVI7PbaPR0K2TGSxFF,IGOR,spotify:album:5zi7WsKlIiUXv09tbGLKsE,2019-06-19T12:01:58.699Z
RUNNING OUT OF TIME,177226,True,5QvBXUm5MglLJ3iBfTX2Wo,spotify:track:5QvBXUm5MglLJ3iBfTX2Wo,"[{""name"": ""Tyler, The Creator"", ""external_urls"": {""spotify"": ""https://open.spotify.com/artist/4V8LLVI7PbaPR0K2TGSxFF""}, ""uri"": ""spotify:artist:4V8LLVI7PbaPR0K2TGSxFF"", ""href"": ""https://api.spotify.com/v1/artists/4V8LLVI7PbaPR0K2TGSxFF"", ""type"": ""artist"", ""id"": ""4V8LLVI7PbaPR0K2TGSxFF""}]","Tyler, The Creator",4V8LLVI7PbaPR0K2TGSxFF,IGOR,spotify:album:5zi7WsKlIiUXv09tbGLKsE,2019-06-19T12:05:10.473Z
PUPPET,179013,True,0wEC0GNF74lAqrEFZJMl1m,spotify:track:0wEC0GNF74lAqrEFZJMl1m,"[{""name"": ""Tyler, The Creator"", ""external_urls"": {""spotify"": ""https://open.spotify.com/artist/4V8LLVI7PbaPR0K2TGSxFF""}, ""uri"": ""spotify:artist:4V8LLVI7PbaPR0K2TGSxFF"", ""href"": ""https://api.spotify.com/v1/artists/4V8LLVI7PbaPR0K2TGSxFF"", ""type"": ""artist"", ""id"": ""4V8LLVI7PbaPR0K2TGSxFF""}]","Tyler, The Creator",4V8LLVI7PbaPR0K2TGSxFF,IGOR,spotify:album:5zi7WsKlIiUXv09tbGLKsE,2019-06-19T12:14:55.137Z
EARFQUAKE,190066,True,5hVghJ4KaYES3BFUATCYn0,spotify:track:5hVghJ4KaYES3BFUATCYn0,"[{""name"": ""Tyler, The Creator"", ""external_urls"": {""spotify"": ""https://open.spotify.com/artist/4V8LLVI7PbaPR0K2TGSxFF""}, ""uri"": ""spotify:artist:4V8LLVI7PbaPR0K2TGSxFF"", ""href"": ""https://api.spotify.com/v1/artists/4V8LLVI7PbaPR0K2TGSxFF"", ""type"": ""artist"", ""id"": ""4V8LLVI7PbaPR0K2TGSxFF""}]","Tyler, The Creator",4V8LLVI7PbaPR0K2TGSxFF,IGOR,spotify:album:5zi7WsKlIiUXv09tbGLKsE,2019-06-19T11:58:26.692Z
WHAT'S GOOD,205626,True,6bOkaEXc5CopinGazSLokx,spotify:track:6bOkaEXc5CopinGazSLokx,"[{""name"": ""Tyler, The Creator"", ""external_urls"": {""spotify"": ""https://open.spotify.com/artist/4V8LLVI7PbaPR0K2TGSxFF""}, ""uri"": ""spotify:artist:4V8LLVI7PbaPR0K2TGSxFF"", ""href"": ""https://api.spotify.com/v1/artists/4V8LLVI7PbaPR0K2TGSxFF"", ""type"": ""artist"", ""id"": ""4V8LLVI7PbaPR0K2TGSxFF""}]","Tyler, The Creator",4V8LLVI7PbaPR0K2TGSxFF,IGOR,spotify:album:5zi7WsKlIiUXv09tbGLKsE,2019-06-19T12:18:20.746Z
ARE WE STILL FRIENDS?,265480,True,5TxRUOsGeWeRl3xOML59Ai,spotify:track:5TxRUOsGeWeRl3xOML59Ai,"[{""name"": ""Tyler, The Creator"", ""external_urls"": {""spotify"": ""https://open.spotify.com/artist/4V8LLVI7PbaPR0K2TGSxFF""}, ""uri"": ""spotify:artist:4V8LLVI7PbaPR0K2TGSxFF"", ""href"": ""https://api.spotify.com/v1/artists/4V8LLVI7PbaPR0K2TGSxFF"", ""type"": ""artist"", ""id"": ""4V8LLVI7PbaPR0K2TGSxFF""}]","Tyler, The Creator",4V8LLVI7PbaPR0K2TGSxFF,IGOR,spotify:album:5zi7WsKlIiUXv09tbGLKsE,2019-06-19T12:58:53.905Z
EARFQUAKE,190066,True,5hVghJ4KaYES3BFUATCYn0,spotify:track:5hVghJ4KaYES3BFUATCYn0,"[{""name"": ""Tyler, The Creator"", ""external_urls"": {""spotify"": ""https://open.spotify.com/artist/4V8LLVI7PbaPR0K2TGSxFF""}, ""uri"": ""spotify:artist:4V8LLVI7PbaPR0K2TGSxFF"", ""href"": ""https://api.spotify.com/v1/artists/4V8LLVI7PbaPR0K2TGSxFF"", ""type"": ""artist"", ""id"": ""4V8LLVI7PbaPR0K2TGSxFF""}]","Tyler, The Creator",4V8LLVI7PbaPR0K2TGSxFF,IGOR,spotify:album:5zi7WsKlIiUXv09tbGLKsE,2019-06-19T15:17:43.866Z
ARE WE STILL FRIENDS?,265480,True,5TxRUOsGeWeRl3xOML59Ai,spotify:track:5TxRUOsGeWeRl3xOML59Ai,"[{""name"": ""Tyler, The Creator"", ""external_urls"": {""spotify"": ""https://open.spotify.com/artist/4V8LLVI7PbaPR0K2TGSxFF""}, ""uri"": ""spotify:artist:4V8LLVI7PbaPR0K2TGSxFF"", ""href"": ""https://api.spotify.com/v1/artists/4V8LLVI7PbaPR0K2TGSxFF"", ""type"": ""artist"", ""id"": ""4V8LLVI7PbaPR0K2TGSxFF""}]","Tyler, The Creator",4V8LLVI7PbaPR0K2TGSxFF,IGOR,spotify:album:5zi7WsKlIiUXv09tbGLKsE,2019-06-19T15:56:05.578Z
"GONE, GONE / THANK YOU",375386,True,1hz7SRTGUNAtIQ46qiNv2p,spotify:track:1hz7SRTGUNAtIQ46qiNv2p,"[{""name"": ""Tyler, The Creator"", ""external_urls"": {""spotify"": ""https://open.spotify.com/artist/4V8LLVI7PbaPR0K2TGSxFF""}, ""uri"": ""spotify:artist:4V8LLVI7PbaPR0K2TGSxFF"", ""href"": ""https://api.spotify.com/v1/artists/4V8LLVI7PbaPR0K2TGSxFF"", ""type"": ""artist"", ""id"": ""4V8LLVI7PbaPR0K2TGSxFF""}]","Tyler, The Creator",4V8LLVI7PbaPR0K2TGSxFF,IGOR,spotify:album:5zi7WsKlIiUXv09tbGLKsE,2019-06-19T18:50:42.261Z
I DON'T LOVE YOU ANYMORE,161200,True,5A0M6B0RBSXSNWv0wcppZ9,spotify:track:5A0M6B0RBSXSNWv0wcppZ9,"[{""name"": ""Tyler, The Creator"", ""external_urls"": {""spotify"": ""https://open.spotify.com/artist/4V8LLVI7PbaPR0K2TGSxFF""}, ""uri"": ""spotify:artist:4V8LLVI7PbaPR0K2TGSxFF"", ""href"": ""https://api.spotify.com/v1/artists/4V8LLVI7PbaPR0K2TGSxFF"", ""type"": ""artist"", ""id"": ""4V8LLVI7PbaPR0K2TGSxFF""}]","Tyler, The Creator",4V8LLVI7PbaPR0K2TGSxFF,IGOR,spotify:album:5zi7WsKlIiUXv09tbGLKsE,2019-06-19T18:53:23.376Z
WHAT'S GOOD,205626,True,6bOkaEXc5CopinGazSLokx,spotify:track:6bOkaEXc5CopinGazSLokx,"[{""name"": ""Tyler, The Creator"", ""external_urls"": {""spotify"": ""https://open.spotify.com/artist/4V8LLVI7PbaPR0K2TGSxFF""}, ""uri"": ""spotify:artist:4V8LLVI7PbaPR0K2TGSxFF"", ""href"": ""https://api.spotify.com/v1/artists/4V8LLVI7PbaPR0K2TGSxFF"", ""type"": ""artist"", ""id"": ""4V8LLVI7PbaPR0K2TGSxFF""}]","Tyler, The Creator",4V8LLVI7PbaPR0K2TGSxFF,IGOR,spotify:album:5zi7WsKlIiUXv09tbGLKsE,2019-06-19T18:44:26.532Z
I THINK,212013,True,4f8Mh5wuWHOsfXtzjrJB3t,spotify:track:4f8Mh5wuWHOsfXtzjrJB3t,"[{""name"": ""Tyler, The Creator"", ""external_urls"": {""spotify"": ""https://open.spotify.com/artist/4V8LLVI7PbaPR0K2TGSxFF""}, ""uri"": ""spotify:artist:4V8LLVI7PbaPR0K2TGSxFF"", ""href"": ""https://api.spotify.com/v1/artists/4V8LLVI7PbaPR0K2TGSxFF"", ""type"": ""artist"", ""id"": ""4V8LLVI7PbaPR0K2TGSxFF""}]","Tyler, The Creator",4V8LLVI7PbaPR0K2TGSxFF,IGOR,spotify:album:5zi7WsKlIiUXv09tbGLKsE,2019-06-19T18:28:04.704Z
NEW MAGIC WAND,195320,True,0fv2KH6hac06J86hBUTcSf,spotify:track:0fv2KH6hac06J86hBUTcSf,"[{""name"": ""Tyler, The Creator"", ""external_urls"": {""spotify"": ""https://open.spotify.com/artist/4V8LLVI7PbaPR0K2TGSxFF""}, ""uri"": ""spotify:artist:4V8LLVI7PbaPR0K2TGSxFF"", ""href"": ""https://api.spotify.com/v1/artists/4V8LLVI7PbaPR0K2TGSxFF"", ""type"": ""artist"", ""id"": ""4V8LLVI7PbaPR0K2TGSxFF""}]","Tyler, The Creator",4V8LLVI7PbaPR0K2TGSxFF,IGOR,spotify:album:5zi7WsKlIiUXv09tbGLKsE,2019-06-19T18:34:31.772Z
A BOY IS A GUN*,210253,True,1nXZnTALNXiPlvXotqHm66,spotify:track:1nXZnTALNXiPlvXotqHm66,"[{""name"": ""Tyler, The Creator"", ""external_urls"": {""spotify"": ""https://open.spotify.com/artist/4V8LLVI7PbaPR0K2TGSxFF""}, ""uri"": ""spotify:artist:4V8LLVI7PbaPR0K2TGSxFF"", ""href"": ""https://api.spotify.com/v1/artists/4V8LLVI7PbaPR0K2TGSxFF"", ""type"": ""artist"", ""id"": ""4V8LLVI7PbaPR0K2TGSxFF""}]","Tyler, The Creator",4V8LLVI7PbaPR0K2TGSxFF,IGOR,spotify:album:5zi7WsKlIiUXv09tbGLKsE,2019-06-19T18:38:01.910Z
RUNNING OUT OF TIME,177226,True,5QvBXUm5MglLJ3iBfTX2Wo,spotify:track:5QvBXUm5MglLJ3iBfTX2Wo,"[{""name"": ""Tyler, The Creator"", ""external_urls"": {""spotify"": ""https://open.spotify.com/artist/4V8LLVI7PbaPR0K2TGSxFF""}, ""uri"": ""spotify:artist:4V8LLVI7PbaPR0K2TGSxFF"", ""href"": ""https://api.spotify.com/v1/artists/4V8LLVI7PbaPR0K2TGSxFF"", ""type"": ""artist"", ""id"": ""4V8LLVI7PbaPR0K2TGSxFF""}]","Tyler, The Creator",4V8LLVI7PbaPR0K2TGSxFF,IGOR,spotify:album:5zi7WsKlIiUXv09tbGLKsE,2019-06-19T18:31:16.715Z
EARFQUAKE,190066,True,5hVghJ4KaYES3BFUATCYn0,spotify:track:5hVghJ4KaYES3BFUATCYn0,"[{""name"": ""Tyler, The Creator"", ""external_urls"": {""spotify"": ""https://open.spotify.com/artist/4V8LLVI7PbaPR0K2TGSxFF""}, ""uri"": ""spotify:artist:4V8LLVI7PbaPR0K2TGSxFF"", ""href"": ""https://api.spotify.com/v1/artists/4V8LLVI7PbaPR0K2TGSxFF"", ""type"": ""artist"", ""id"": ""4V8LLVI7PbaPR0K2TGSxFF""}]","Tyler, The Creator",4V8LLVI7PbaPR0K2TGSxFF,IGOR,spotify:album:5zi7WsKlIiUXv09tbGLKsE,2019-06-19T18:24:32.721Z
PUPPET,179013,True,0wEC0GNF74lAqrEFZJMl1m,spotify:track:0wEC0GNF74lAqrEFZJMl1m,"[{""name"": ""Tyler, The Creator"", ""external_urls"": {""spotify"": ""https://open.spotify.com/artist/4V8LLVI7PbaPR0K2TGSxFF""}, ""uri"": ""spotify:artist:4V8LLVI7PbaPR0K2TGSxFF"", ""href"": ""https://api.spotify.com/v1/artists/4V8LLVI7PbaPR0K2TGSxFF"", ""type"": ""artist"", ""id"": ""4V8LLVI7PbaPR0K2TGSxFF""}]","Tyler, The Creator",4V8LLVI7PbaPR0K2TGSxFF,IGOR,spotify:album:5zi7WsKlIiUXv09tbGLKsE,2019-06-19T18:41:01.138Z
EARFQUAKE,190066,True,5hVghJ4KaYES3BFUATCYn0,spotify:track:5hVghJ4KaYES3BFUATCYn0,"[{""name"": ""Tyler, The Creator"", ""external_urls"": {""spotify"": ""https://open.spotify.com/artist/4V8LLVI7PbaPR0K2TGSxFF""}, ""uri"": ""spotify:artist:4V8LLVI7PbaPR0K2TGSxFF"", ""href"": ""https://api.spotify.com/v1/artists/4V8LLVI7PbaPR0K2TGSxFF"", ""type"": ""artist"", ""id"": ""4V8LLVI7PbaPR0K2TGSxFF""}]","Tyler, The Creator",4V8LLVI7PbaPR0K2TGSxFF,IGOR,spotify:album:5zi7WsKlIiUXv09tbGLKsE,2019-06-19T20:28:45.060Z
RUNNING OUT OF TIME,177226,True,5QvBXUm5MglLJ3iBfTX2Wo,spotify:track:5QvBXUm5MglLJ3iBfTX2Wo,"[{""name"": ""Tyler, The Creator"", ""external_urls"": {""spotify"": ""https://open.spotify.com/artist/4V8LLVI7PbaPR0K2TGSxFF""}, ""uri"": ""spotify:artist:4V8LLVI7PbaPR0K2TGSxFF"", ""href"": ""https://api.spotify.com/v1/artists/4V8LLVI7PbaPR0K2TGSxFF"", ""type"": ""artist"", ""id"": ""4V8LLVI7PbaPR0K2TGSxFF""}]","Tyler, The Creator",4V8LLVI7PbaPR0K2TGSxFF,IGOR,spotify:album:5zi7WsKlIiUXv09tbGLKsE,2019-06-19T20:35:28.915Z
A BOY IS A GUN*,210253,True,1nXZnTALNXiPlvXotqHm66,spotify:track:1nXZnTALNXiPlvXotqHm66,"[{""name"": ""Tyler, The Creator"", ""external_urls"": {""spotify"": ""https://open.spotify.com/artist/4V8LLVI7PbaPR0K2TGSxFF""}, ""uri"": ""spotify:artist:4V8LLVI7PbaPR0K2TGSxFF"", ""href"": ""https://api.spotify.com/v1/artists/4V8LLVI7PbaPR0K2TGSxFF"", ""type"": ""artist"", ""id"": ""4V8LLVI7PbaPR0K2TGSxFF""}]","Tyler, The Creator",4V8LLVI7PbaPR0K2TGSxFF,IGOR,spotify:album:5zi7WsKlIiUXv09tbGLKsE,2019-06-19T20:42:14.514Z
PUPPET,179013,True,0wEC0GNF74lAqrEFZJMl1m,spotify:track:0wEC0GNF74lAqrEFZJMl1m,"[{""name"": ""Tyler, The Creator"", ""external_urls"": {""spotify"": ""https://open.spotify.com/artist/4V8LLVI7PbaPR0K2TGSxFF""}, ""uri"": ""spotify:artist:4V8LLVI7PbaPR0K2TGSxFF"", ""href"": ""https://api.spotify.com/v1/artists/4V8LLVI7PbaPR0K2TGSxFF"", ""type"": ""artist"", ""id"": ""4V8LLVI7PbaPR0K2TGSxFF""}]","Tyler, The Creator",4V8LLVI7PbaPR0K2TGSxFF,IGOR,spotify:album:5zi7WsKlIiUXv09tbGLKsE,2019-06-19T20:45:13.570Z
ARE WE STILL FRIENDS?,265480,True,5TxRUOsGeWeRl3xOML59Ai,spotify:track:5TxRUOsGeWeRl3xOML59Ai,"[{""name"": ""Tyler, The Creator"", ""external_urls"": {""spotify"": ""https://open.spotify.com/artist/4V8LLVI7PbaPR0K2TGSxFF""}, ""uri"": ""spotify:artist:4V8LLVI7PbaPR0K2TGSxFF"", ""href"": ""https://api.spotify.com/v1/artists/4V8LLVI7PbaPR0K2TGSxFF"", ""type"": ""artist"", ""id"": ""4V8LLVI7PbaPR0K2TGSxFF""}]","Tyler, The Creator",4V8LLVI7PbaPR0K2TGSxFF,IGOR,spotify:album:5zi7WsKlIiUXv09tbGLKsE,2019-06-19T18:57:48.943Z
I THINK,212013,True,4f8Mh5wuWHOsfXtzjrJB3t,spotify:track:4f8Mh5wuWHOsfXtzjrJB3t,"[{""name"": ""Tyler, The Creator"", ""external_urls"": {""spotify"": ""https://open.spotify.com/artist/4V8LLVI7PbaPR0K2TGSxFF""}, ""uri"": ""spotify:artist:4V8LLVI7PbaPR0K2TGSxFF"", ""href"": ""https://api.spotify.com/v1/artists/4V8LLVI7PbaPR0K2TGSxFF"", ""type"": ""artist"", ""id"": ""4V8LLVI7PbaPR0K2TGSxFF""}]","Tyler, The Creator",4V8LLVI7PbaPR0K2TGSxFF,IGOR,spotify:album:5zi7WsKlIiUXv09tbGLKsE,2019-06-19T20:32:17.077Z
WHAT'S GOOD,205626,True,6bOkaEXc5CopinGazSLokx,spotify:track:6bOkaEXc5CopinGazSLokx,"[{""name"": ""Tyler, The Creator"", ""external_urls"": {""spotify"": ""https://open.spotify.com/artist/4V8LLVI7PbaPR0K2TGSxFF""}, ""uri"": ""spotify:artist:4V8LLVI7PbaPR0K2TGSxFF"", ""href"": ""https://api.spotify.com/v1/artists/4V8LLVI7PbaPR0K2TGSxFF"", ""type"": ""artist"", ""id"": ""4V8LLVI7PbaPR0K2TGSxFF""}]","Tyler, The Creator",4V8LLVI7PbaPR0K2TGSxFF,IGOR,spotify:album:5zi7WsKlIiUXv09tbGLKsE,2019-06-19T20:48:39.131Z
NEW MAGIC WAND,195320,True,0fv2KH6hac06J86hBUTcSf,spotify:track:0fv2KH6hac06J86hBUTcSf,"[{""name"": ""Tyler, The Creator"", ""external_urls"": {""spotify"": ""https://open.spotify.com/artist/4V8LLVI7PbaPR0K2TGSxFF""}, ""uri"": ""spotify:artist:4V8LLVI7PbaPR0K2TGSxFF"", ""href"": ""https://api.spotify.com/v1/artists/4V8LLVI7PbaPR0K2TGSxFF"", ""type"": ""artist"", ""id"": ""4V8LLVI7PbaPR0K2TGSxFF""}]","Tyler, The Creator",4V8LLVI7PbaPR0K2TGSxFF,IGOR,spotify:album:5zi7WsKlIiUXv09tbGLKsE,2019-06-19T20:38:44.258Z
"GONE, GONE / THANK YOU",375386,True,1hz7SRTGUNAtIQ46qiNv2p,spotify:track:1hz7SRTGUNAtIQ46qiNv2p,"[{""name"": ""Tyler, The Creator"", ""external_urls"": {""spotify"": ""https://open.spotify.com/artist/4V8LLVI7PbaPR0K2TGSxFF""}, ""uri"": ""spotify:artist:4V8LLVI7PbaPR0K2TGSxFF"", ""href"": ""https://api.spotify.com/v1/artists/4V8LLVI7PbaPR0K2TGSxFF"", ""type"": ""artist"", ""id"": ""4V8LLVI7PbaPR0K2TGSxFF""}]","Tyler, The Creator",4V8LLVI7PbaPR0K2TGSxFF,IGOR,spotify:album:5zi7WsKlIiUXv09tbGLKsE,2019-06-19T20:57:49.288Z
I DON'T LOVE YOU ANYMORE,161200,True,5A0M6B0RBSXSNWv0wcppZ9,spotify:track:5A0M6B0RBSXSNWv0wcppZ9,"[{""name"": ""Tyler, The Creator"", ""external_urls"": {""spotify"": ""https://open.spotify.com/artist/4V8LLVI7PbaPR0K2TGSxFF""}, ""uri"": ""spotify:artist:4V8LLVI7PbaPR0K2TGSxFF"", ""href"": ""https://api.spotify.com/v1/artists/4V8LLVI7PbaPR0K2TGSxFF"", ""type"": ""artist"", ""id"": ""4V8LLVI7PbaPR0K2TGSxFF""}]","Tyler, The Creator",4V8LLVI7PbaPR0K2TGSxFF,IGOR,spotify:album:5zi7WsKlIiUXv09tbGLKsE,2019-06-19T21:00:30.488Z
ARE WE STILL FRIENDS?,265480,True,5TxRUOsGeWeRl3xOML59Ai,spotify:track:5TxRUOsGeWeRl3xOML59Ai,"[{""name"": ""Tyler, The Creator"", ""external_urls"": {""spotify"": ""https://open.spotify.com/artist/4V8LLVI7PbaPR0K2TGSxFF""}, ""uri"": ""spotify:artist:4V8LLVI7PbaPR0K2TGSxFF"", ""href"": ""https://api.spotify.com/v1/artists/4V8LLVI7PbaPR0K2TGSxFF"", ""type"": ""artist"", ""id"": ""4V8LLVI7PbaPR0K2TGSxFF""}]","Tyler, The Creator",4V8LLVI7PbaPR0K2TGSxFF,IGOR,spotify:album:5zi7WsKlIiUXv09tbGLKsE,2019-06-20T08:48:23.414Z
I THINK,212013,True,4f8Mh5wuWHOsfXtzjrJB3t,spotify:track:4f8Mh5wuWHOsfXtzjrJB3t,"[{""name"": ""Tyler, The Creator"", ""external_urls"": {""spotify"": ""https://open.spotify.com/artist/4V8LLVI7PbaPR0K2TGSxFF""}, ""uri"": ""spotify:artist:4V8LLVI7PbaPR0K2TGSxFF"", ""href"": ""https://api.spotify.com/v1/artists/4V8LLVI7PbaPR0K2TGSxFF"", ""type"": ""artist"", ""id"": ""4V8LLVI7PbaPR0K2TGSxFF""}]","Tyler, The Creator",4V8LLVI7PbaPR0K2TGSxFF,IGOR,spotify:album:5zi7WsKlIiUXv09tbGLKsE,2019-06-20T12:14:36.115Z
RUNNING OUT OF TIME,177226,True,5QvBXUm5MglLJ3iBfTX2Wo,spotify:track:5QvBXUm5MglLJ3iBfTX2Wo,"[{""name"": ""Tyler, The Creator"", ""external_urls"": {""spotify"": ""https://open.spotify.com/artist/4V8LLVI7PbaPR0K2TGSxFF""}, ""uri"": ""spotify:artist:4V8LLVI7PbaPR0K2TGSxFF"", ""href"": ""https://api.spotify.com/v1/artists/4V8LLVI7PbaPR0K2TGSxFF"", ""type"": ""artist"", ""id"": ""4V8LLVI7PbaPR0K2TGSxFF""}]","Tyler, The Creator",4V8LLVI7PbaPR0K2TGSxFF,IGOR,spotify:album:5zi7WsKlIiUXv09tbGLKsE,2019-06-20T12:17:47.956Z
EARFQUAKE,190066,True,5hVghJ4KaYES3BFUATCYn0,spotify:track:5hVghJ4KaYES3BFUATCYn0,"[{""name"": ""Tyler, The Creator"", ""external_urls"": {""spotify"": ""https://open.spotify.com/artist/4V8LLVI7PbaPR0K2TGSxFF""}, ""uri"": ""spotify:artist:4V8LLVI7PbaPR0K2TGSxFF"", ""href"": ""https://api.spotify.com/v1/artists/4V8LLVI7PbaPR0K2TGSxFF"", ""type"": ""artist"", ""id"": ""4V8LLVI7PbaPR0K2TGSxFF""}]","Tyler, The Creator",4V8LLVI7PbaPR0K2TGSxFF,IGOR,spotify:album:5zi7WsKlIiUXv09tbGLKsE,2019-06-20T12:11:04.109Z
ARE WE STILL FRIENDS?,265480,True,5TxRUOsGeWeRl3xOML59Ai,spotify:track:5TxRUOsGeWeRl3xOML59Ai,"[{""name"": ""Tyler, The Creator"", ""external_urls"": {""spotify"": ""https://open.spotify.com/artist/4V8LLVI7PbaPR0K2TGSxFF""}, ""uri"": ""spotify:artist:4V8LLVI7PbaPR0K2TGSxFF"", ""href"": ""https://api.spotify.com/v1/artists/4V8LLVI7PbaPR0K2TGSxFF"", ""type"": ""artist"", ""id"": ""4V8LLVI7PbaPR0K2TGSxFF""}]","Tyler, The Creator",4V8LLVI7PbaPR0K2TGSxFF,IGOR,spotify:album:5zi7WsKlIiUXv09tbGLKsE,2019-06-20T12:01:45.648Z
I THINK,212013,True,4f8Mh5wuWHOsfXtzjrJB3t,spotify:track:4f8Mh5wuWHOsfXtzjrJB3t,"[{""name"": ""Tyler, The Creator"", ""external_urls"": {""spotify"": ""https://open.spotify.com/artist/4V8LLVI7PbaPR0K2TGSxFF""}, ""uri"": ""spotify:artist:4V8LLVI7PbaPR0K2TGSxFF"", ""href"": ""https://api.spotify.com/v1/artists/4V8LLVI7PbaPR0K2TGSxFF"", ""type"": ""artist"", ""id"": ""4V8LLVI7PbaPR0K2TGSxFF""}]","Tyler, The Creator",4V8LLVI7PbaPR0K2TGSxFF,IGOR,spotify:album:5zi7WsKlIiUXv09tbGLKsE,2019-06-21T19:36:27.529Z
EARFQUAKE,190066,True,5hVghJ4KaYES3BFUATCYn0,spotify:track:5hVghJ4KaYES3BFUATCYn0,"[{""name"": ""Tyler, The Creator"", ""external_urls"": {""spotify"": ""https://open.spotify.com/artist/4V8LLVI7PbaPR0K2TGSxFF""}, ""uri"": ""spotify:artist:4V8LLVI7PbaPR0K2TGSxFF"", ""href"": ""https://api.spotify.com/v1/artists/4V8LLVI7PbaPR0K2TGSxFF"", ""type"": ""artist"", ""id"": ""4V8LLVI7PbaPR0K2TGSxFF""}]","Tyler, The Creator",4V8LLVI7PbaPR0K2TGSxFF,IGOR,spotify:album:5zi7WsKlIiUXv09tbGLKsE,2019-06-21T19:32:55.660Z
A BOY IS A GUN*,210253,True,1nXZnTALNXiPlvXotqHm66,spotify:track:1nXZnTALNXiPlvXotqHm66,"[{""name"": ""Tyler, The Creator"", ""external_urls"": {""spotify"": ""https://open.spotify.com/artist/4V8LLVI7PbaPR0K2TGSxFF""}, ""uri"": ""spotify:artist:4V8LLVI7PbaPR0K2TGSxFF"", ""href"": ""https://api.spotify.com/v1/artists/4V8LLVI7PbaPR0K2TGSxFF"", ""type"": ""artist"", ""id"": ""4V8LLVI7PbaPR0K2TGSxFF""}]","Tyler, The Creator",4V8LLVI7PbaPR0K2TGSxFF,IGOR,spotify:album:5zi7WsKlIiUXv09tbGLKsE,2019-06-21T21:50:17.440Z
I THINK,212013,True,4f8Mh5wuWHOsfXtzjrJB3t,spotify:track:4f8Mh5wuWHOsfXtzjrJB3t,"[{""name"": ""Tyler, The Creator"", ""external_urls"": {""spotify"": ""https://open.spotify.com/artist/4V8LLVI7PbaPR0K2TGSxFF""}, ""uri"": ""spotify:artist:4V8LLVI7PbaPR0K2TGSxFF"", ""href"": ""https://api.spotify.com/v1/artists/4V8LLVI7PbaPR0K2TGSxFF"", ""type"": ""artist"", ""id"": ""4V8LLVI7PbaPR0K2TGSxFF""}]","Tyler, The Creator",4V8LLVI7PbaPR0K2TGSxFF,IGOR,spotify:album:5zi7WsKlIiUXv09tbGLKsE,2019-06-21T21:36:37.162Z
EARFQUAKE,190066,True,5hVghJ4KaYES3BFUATCYn0,spotify:track:5hVghJ4KaYES3BFUATCYn0,"[{""name"": ""Tyler, The Creator"", ""external_urls"": {""spotify"": ""https://open.spotify.com/artist/4V8LLVI7PbaPR0K2TGSxFF""}, ""uri"": ""spotify:artist:4V8LLVI7PbaPR0K2TGSxFF"", ""href"": ""https://api.spotify.com/v1/artists/4V8LLVI7PbaPR0K2TGSxFF"", ""type"": ""artist"", ""id"": ""4V8LLVI7PbaPR0K2TGSxFF""}]","Tyler, The Creator",4V8LLVI7PbaPR0K2TGSxFF,IGOR,spotify:album:5zi7WsKlIiUXv09tbGLKsE,2019-06-21T21:06:12.180Z
NEW MAGIC WAND,195320,True,0fv2KH6hac06J86hBUTcSf,spotify:track:0fv2KH6hac06J86hBUTcSf,"[{""name"": ""Tyler, The Creator"", ""external_urls"": {""spotify"": ""https://open.spotify.com/artist/4V8LLVI7PbaPR0K2TGSxFF""}, ""uri"": ""spotify:artist:4V8LLVI7PbaPR0K2TGSxFF"", ""href"": ""https://api.spotify.com/v1/artists/4V8LLVI7PbaPR0K2TGSxFF"", ""type"": ""artist"", ""id"": ""4V8LLVI7PbaPR0K2TGSxFF""}]","Tyler, The Creator",4V8LLVI7PbaPR0K2TGSxFF,IGOR,spotify:album:5zi7WsKlIiUXv09tbGLKsE,2019-06-21T21:46:47.230Z
PUPPET,179013,True,0wEC0GNF74lAqrEFZJMl1m,spotify:track:0wEC0GNF74lAqrEFZJMl1m,"[{""name"": ""Tyler, The Creator"", ""external_urls"": {""spotify"": ""https://open.spotify.com/artist/4V8LLVI7PbaPR0K2TGSxFF""}, ""uri"": ""spotify:artist:4V8LLVI7PbaPR0K2TGSxFF"", ""href"": ""https://api.spotify.com/v1/artists/4V8LLVI7PbaPR0K2TGSxFF"", ""type"": ""artist"", ""id"": ""4V8LLVI7PbaPR0K2TGSxFF""}]","Tyler, The Creator",4V8LLVI7PbaPR0K2TGSxFF,IGOR,spotify:album:5zi7WsKlIiUXv09tbGLKsE,2019-06-21T21:53:16.339Z
ARE WE STILL FRIENDS?,265480,True,5TxRUOsGeWeRl3xOML59Ai,spotify:track:5TxRUOsGeWeRl3xOML59Ai,"[{""name"": ""Tyler, The Creator"", ""external_urls"": {""spotify"": ""https://open.spotify.com/artist/4V8LLVI7PbaPR0K2TGSxFF""}, ""uri"": ""spotify:artist:4V8LLVI7PbaPR0K2TGSxFF"", ""href"": ""https://api.spotify.com/v1/artists/4V8LLVI7PbaPR0K2TGSxFF"", ""type"": ""artist"", ""id"": ""4V8LLVI7PbaPR0K2TGSxFF""}]","Tyler, The Creator",4V8LLVI7PbaPR0K2TGSxFF,IGOR,spotify:album:5zi7WsKlIiUXv09tbGLKsE,2019-06-21T21:02:27.793Z
WHAT'S GOOD,205626,True,6bOkaEXc5CopinGazSLokx,spotify:track:6bOkaEXc5CopinGazSLokx,"[{""name"": ""Tyler, The Creator"", ""external_urls"": {""spotify"": ""https://open.spotify.com/artist/4V8LLVI7PbaPR0K2TGSxFF""}, ""uri"": ""spotify:artist:4V8LLVI7PbaPR0K2TGSxFF"", ""href"": ""https://api.spotify.com/v1/artists/4V8LLVI7PbaPR0K2TGSxFF"", ""type"": ""artist"", ""id"": ""4V8LLVI7PbaPR0K2TGSxFF""}]","Tyler, The Creator",4V8LLVI7PbaPR0K2TGSxFF,IGOR,spotify:album:5zi7WsKlIiUXv09tbGLKsE,2019-06-21T21:56:42.097Z
RUNNING OUT OF TIME,177226,True,5QvBXUm5MglLJ3iBfTX2Wo,spotify:track:5QvBXUm5MglLJ3iBfTX2Wo,"[{""name"": ""Tyler, The Creator"", ""external_urls"": {""spotify"": ""https://open.spotify.com/artist/4V8LLVI7PbaPR0K2TGSxFF""}, ""uri"": ""spotify:artist:4V8LLVI7PbaPR0K2TGSxFF"", ""href"": ""https://api.spotify.com/v1/artists/4V8LLVI7PbaPR0K2TGSxFF"", ""type"": ""artist"", ""id"": ""4V8LLVI7PbaPR0K2TGSxFF""}]","Tyler, The Creator",4V8LLVI7PbaPR0K2TGSxFF,IGOR,spotify:album:5zi7WsKlIiUXv09tbGLKsE,2019-06-21T20:57:32.532Z
RUNNING OUT OF TIME,177226,True,5QvBXUm5MglLJ3iBfTX2Wo,spotify:track:5QvBXUm5MglLJ3iBfTX2Wo,"[{""name"": ""Tyler, The Creator"", ""external_urls"": {""spotify"": ""https://open.spotify.com/artist/4V8LLVI7PbaPR0K2TGSxFF""}, ""uri"": ""spotify:artist:4V8LLVI7PbaPR0K2TGSxFF"", ""href"": ""https://api.spotify.com/v1/artists/4V8LLVI7PbaPR0K2TGSxFF"", ""type"": ""artist"", ""id"": ""4V8LLVI7PbaPR0K2TGSxFF""}]","Tyler, The Creator",4V8LLVI7PbaPR0K2TGSxFF,IGOR,spotify:album:5zi7WsKlIiUXv09tbGLKsE,2019-06-21T21:43:31.929Z
RUNNING OUT OF TIME,177226,True,5QvBXUm5MglLJ3iBfTX2Wo,spotify:track:5QvBXUm5MglLJ3iBfTX2Wo,"[{""name"": ""Tyler, The Creator"", ""external_urls"": {""spotify"": ""https://open.spotify.com/artist/4V8LLVI7PbaPR0K2TGSxFF""}, ""uri"": ""spotify:artist:4V8LLVI7PbaPR0K2TGSxFF"", ""href"": ""https://api.spotify.com/v1/artists/4V8LLVI7PbaPR0K2TGSxFF"", ""type"": ""artist"", ""id"": ""4V8LLVI7PbaPR0K2TGSxFF""}]","Tyler, The Creator",4V8LLVI7PbaPR0K2TGSxFF,IGOR,spotify:album:5zi7WsKlIiUXv09tbGLKsE,2019-06-21T21:12:55.826Z
EARFQUAKE,190066,True,5hVghJ4KaYES3BFUATCYn0,spotify:track:5hVghJ4KaYES3BFUATCYn0,"[{""name"": ""Tyler, The Creator"", ""external_urls"": {""spotify"": ""https://open.spotify.com/artist/4V8LLVI7PbaPR0K2TGSxFF""}, ""uri"": ""spotify:artist:4V8LLVI7PbaPR0K2TGSxFF"", ""href"": ""https://api.spotify.com/v1/artists/4V8LLVI7PbaPR0K2TGSxFF"", ""type"": ""artist"", ""id"": ""4V8LLVI7PbaPR0K2TGSxFF""}]","Tyler, The Creator",4V8LLVI7PbaPR0K2TGSxFF,IGOR,spotify:album:5zi7WsKlIiUXv09tbGLKsE,2019-06-21T21:33:05.153Z
I THINK,212013,True,4f8Mh5wuWHOsfXtzjrJB3t,spotify:track:4f8Mh5wuWHOsfXtzjrJB3t,"[{""name"": ""Tyler, The Creator"", ""external_urls"": {""spotify"": ""https://open.spotify.com/artist/4V8LLVI7PbaPR0K2TGSxFF""}, ""uri"": ""spotify:artist:4V8LLVI7PbaPR0K2TGSxFF"", ""href"": ""https://api.spotify.com/v1/artists/4V8LLVI7PbaPR0K2TGSxFF"", ""type"": ""artist"", ""id"": ""4V8LLVI7PbaPR0K2TGSxFF""}]","Tyler, The Creator",4V8LLVI7PbaPR0K2TGSxFF,IGOR,spotify:album:5zi7WsKlIiUXv09tbGLKsE,2019-06-21T21:09:43.974Z
"GONE, GONE / THANK YOU",375386,True,1hz7SRTGUNAtIQ46qiNv2p,spotify:track:1hz7SRTGUNAtIQ46qiNv2p,"[{""name"": ""Tyler, The Creator"", ""external_urls"": {""spotify"": ""https://open.spotify.com/artist/4V8LLVI7PbaPR0K2TGSxFF""}, ""uri"": ""spotify:artist:4V8LLVI7PbaPR0K2TGSxFF"", ""href"": ""https://api.spotify.com/v1/artists/4V8LLVI7PbaPR0K2TGSxFF"", ""type"": ""artist"", ""id"": ""4V8LLVI7PbaPR0K2TGSxFF""}]","Tyler, The Creator",4V8LLVI7PbaPR0K2TGSxFF,IGOR,spotify:album:5zi7WsKlIiUXv09tbGLKsE,2019-06-21T22:02:57.220Z
NEW MAGIC WAND,195320,True,0fv2KH6hac06J86hBUTcSf,spotify:track:0fv2KH6hac06J86hBUTcSf,"[{""name"": ""Tyler, The Creator"", ""external_urls"": {""spotify"": ""https://open.spotify.com/artist/4V8LLVI7PbaPR0K2TGSxFF""}, ""uri"": ""spotify:artist:4V8LLVI7PbaPR0K2TGSxFF"", ""href"": ""https://api.spotify.com/v1/artists/4V8LLVI7PbaPR0K2TGSxFF"", ""type"": ""artist"", ""id"": ""4V8LLVI7PbaPR0K2TGSxFF""}]","Tyler, The Creator",4V8LLVI7PbaPR0K2TGSxFF,IGOR,spotify:album:5zi7WsKlIiUXv09tbGLKsE,2019-06-21T21:29:53.761Z
ARE WE STILL FRIENDS?,265480,True,5TxRUOsGeWeRl3xOML59Ai,spotify:track:5TxRUOsGeWeRl3xOML59Ai,"[{""name"": ""Tyler, The Creator"", ""external_urls"": {""spotify"": ""https://open.spotify.com/artist/4V8LLVI7PbaPR0K2TGSxFF""}, ""uri"": ""spotify:artist:4V8LLVI7PbaPR0K2TGSxFF"", ""href"": ""https://api.spotify.com/v1/artists/4V8LLVI7PbaPR0K2TGSxFF"", ""type"": ""artist"", ""id"": ""4V8LLVI7PbaPR0K2TGSxFF""}]","Tyler, The Creator",4V8LLVI7PbaPR0K2TGSxFF,IGOR,spotify:album:5zi7WsKlIiUXv09tbGLKsE,2019-06-23T08:25:01.491Z
I DON'T LOVE YOU ANYMORE,161200,True,5A0M6B0RBSXSNWv0wcppZ9,spotify:track:5A0M6B0RBSXSNWv0wcppZ9,"[{""name"": ""Tyler, The Creator"", ""external_urls"": {""spotify"": ""https://open.spotify.com/artist/4V8LLVI7PbaPR0K2TGSxFF""}, ""uri"": ""spotify:artist:4V8LLVI7PbaPR0K2TGSxFF"", ""href"": ""https://api.spotify.com/v1/artists/4V8LLVI7PbaPR0K2TGSxFF"", ""type"": ""artist"", ""id"": ""4V8LLVI7PbaPR0K2TGSxFF""}]","Tyler, The Creator",4V8LLVI7PbaPR0K2TGSxFF,IGOR,spotify:album:5zi7WsKlIiUXv09tbGLKsE,2019-06-23T08:20:36.015Z
NEW MAGIC WAND,195320,True,0fv2KH6hac06J86hBUTcSf,spotify:track:0fv2KH6hac06J86hBUTcSf,"[{""name"": ""Tyler, The Creator"", ""external_urls"": {""spotify"": ""https://open.spotify.com/artist/4V8LLVI7PbaPR0K2TGSxFF""}, ""uri"": ""spotify:artist:4V8LLVI7PbaPR0K2TGSxFF"", ""href"": ""https://api.spotify.com/v1/artists/4V8LLVI7PbaPR0K2TGSxFF"", ""type"": ""artist"", ""id"": ""4V8LLVI7PbaPR0K2TGSxFF""}]","Tyler, The Creator",4V8LLVI7PbaPR0K2TGSxFF,IGOR,spotify:album:5zi7WsKlIiUXv09tbGLKsE,2019-06-23T20:37:35.558Z
RUNNING OUT OF TIME,177226,True,5QvBXUm5MglLJ3iBfTX2Wo,spotify:track:5QvBXUm5MglLJ3iBfTX2Wo,"[{""name"": ""Tyler, The Creator"", ""external_urls"": {""spotify"": ""https://open.spotify.com/artist/4V8LLVI7PbaPR0K2TGSxFF""}, ""uri"": ""spotify:artist:4V8LLVI7PbaPR0K2TGSxFF"", ""href"": ""https://api.spotify.com/v1/artists/4V8LLVI7PbaPR0K2TGSxFF"", ""type"": ""artist"", ""id"": ""4V8LLVI7PbaPR0K2TGSxFF""}]","Tyler, The Creator",4V8LLVI7PbaPR0K2TGSxFF,IGOR,spotify:album:5zi7WsKlIiUXv09tbGLKsE,2019-06-23T20:34:20.199Z
EARFQUAKE,190066,True,5hVghJ4KaYES3BFUATCYn0,spotify:track:5hVghJ4KaYES3BFUATCYn0,"[{""name"": ""Tyler, The Creator"", ""external_urls"": {""spotify"": ""https://open.spotify.com/artist/4V8LLVI7PbaPR0K2TGSxFF""}, ""uri"": ""spotify:artist:4V8LLVI7PbaPR0K2TGSxFF"", ""href"": ""https://api.spotify.com/v1/artists/4V8LLVI7PbaPR0K2TGSxFF"", ""type"": ""artist"", ""id"": ""4V8LLVI7PbaPR0K2TGSxFF""}]","Tyler, The Creator",4V8LLVI7PbaPR0K2TGSxFF,IGOR,spotify:album:5zi7WsKlIiUXv09tbGLKsE,2019-06-23T20:27:36.370Z
PUPPET,179013,True,0wEC0GNF74lAqrEFZJMl1m,spotify:track:0wEC0GNF74lAqrEFZJMl1m,"[{""name"": ""Tyler, The Creator"", ""external_urls"": {""spotify"": ""https://open.spotify.com/artist/4V8LLVI7PbaPR0K2TGSxFF""}, ""uri"": ""spotify:artist:4V8LLVI7PbaPR0K2TGSxFF"", ""href"": ""https://api.spotify.com/v1/artists/4V8LLVI7PbaPR0K2TGSxFF"", ""type"": ""artist"", ""id"": ""4V8LLVI7PbaPR0K2TGSxFF""}]","Tyler, The Creator",4V8LLVI7PbaPR0K2TGSxFF,IGOR,spotify:album:5zi7WsKlIiUXv09tbGLKsE,2019-06-23T20:51:42.284Z
A BOY IS A GUN*,210253,True,1nXZnTALNXiPlvXotqHm66,spotify:track:1nXZnTALNXiPlvXotqHm66,"[{""name"": ""Tyler, The Creator"", ""external_urls"": {""spotify"": ""https://open.spotify.com/artist/4V8LLVI7PbaPR0K2TGSxFF""}, ""uri"": ""spotify:artist:4V8LLVI7PbaPR0K2TGSxFF"", ""href"": ""https://api.spotify.com/v1/artists/4V8LLVI7PbaPR0K2TGSxFF"", ""type"": ""artist"", ""id"": ""4V8LLVI7PbaPR0K2TGSxFF""}]","Tyler, The Creator",4V8LLVI7PbaPR0K2TGSxFF,IGOR,spotify:album:5zi7WsKlIiUXv09tbGLKsE,2019-06-23T20:41:05.842Z
WHAT'S GOOD,205626,True,6bOkaEXc5CopinGazSLokx,spotify:track:6bOkaEXc5CopinGazSLokx,"[{""name"": ""Tyler, The Creator"", ""external_urls"": {""spotify"": ""https://open.spotify.com/artist/4V8LLVI7PbaPR0K2TGSxFF""}, ""uri"": ""spotify:artist:4V8LLVI7PbaPR0K2TGSxFF"", ""href"": ""https://api.spotify.com/v1/artists/4V8LLVI7PbaPR0K2TGSxFF"", ""type"": ""artist"", ""id"": ""4V8LLVI7PbaPR0K2TGSxFF""}]","Tyler, The Creator",4V8LLVI7PbaPR0K2TGSxFF,IGOR,spotify:album:5zi7WsKlIiUXv09tbGLKsE,2019-06-23T20:55:07.899Z
I THINK,212013,True,4f8Mh5wuWHOsfXtzjrJB3t,spotify:track:4f8Mh5wuWHOsfXtzjrJB3t,"[{""name"": ""Tyler, The Creator"", ""external_urls"": {""spotify"": ""https://open.spotify.com/artist/4V8LLVI7PbaPR0K2TGSxFF""}, ""uri"": ""spotify:artist:4V8LLVI7PbaPR0K2TGSxFF"", ""href"": ""https://api.spotify.com/v1/artists/4V8LLVI7PbaPR0K2TGSxFF"", ""type"": ""artist"", ""id"": ""4V8LLVI7PbaPR0K2TGSxFF""}]","Tyler, The Creator",4V8LLVI7PbaPR0K2TGSxFF,IGOR,spotify:album:5zi7WsKlIiUXv09tbGLKsE,2019-06-23T20:31:08.383Z
I THINK,212013,True,4f8Mh5wuWHOsfXtzjrJB3t,spotify:track:4f8Mh5wuWHOsfXtzjrJB3t,"[{""name"": ""Tyler, The Creator"", ""external_urls"": {""spotify"": ""https://open.spotify.com/artist/4V8LLVI7PbaPR0K2TGSxFF""}, ""uri"": ""spotify:artist:4V8LLVI7PbaPR0K2TGSxFF"", ""href"": ""https://api.spotify.com/v1/artists/4V8LLVI7PbaPR0K2TGSxFF"", ""type"": ""artist"", ""id"": ""4V8LLVI7PbaPR0K2TGSxFF""}]","Tyler, The Creator",4V8LLVI7PbaPR0K2TGSxFF,IGOR,spotify:album:5zi7WsKlIiUXv09tbGLKsE,2019-06-26T14:41:25.391Z
PUPPET,179013,True,0wEC0GNF74lAqrEFZJMl1m,spotify:track:0wEC0GNF74lAqrEFZJMl1m,"[{""name"": ""Tyler, The Creator"", ""external_urls"": {""spotify"": ""https://open.spotify.com/artist/4V8LLVI7PbaPR0K2TGSxFF""}, ""uri"": ""spotify:artist:4V8LLVI7PbaPR0K2TGSxFF"", ""href"": ""https://api.spotify.com/v1/artists/4V8LLVI7PbaPR0K2TGSxFF"", ""type"": ""artist"", ""id"": ""4V8LLVI7PbaPR0K2TGSxFF""}]","Tyler, The Creator",4V8LLVI7PbaPR0K2TGSxFF,IGOR,spotify:album:5zi7WsKlIiUXv09tbGLKsE,2019-06-26T14:54:21.772Z
A BOY IS A GUN*,210253,True,1nXZnTALNXiPlvXotqHm66,spotify:track:1nXZnTALNXiPlvXotqHm66,"[{""name"": ""Tyler, The Creator"", ""external_urls"": {""spotify"": ""https://open.spotify.com/artist/4V8LLVI7PbaPR0K2TGSxFF""}, ""uri"": ""spotify:artist:4V8LLVI7PbaPR0K2TGSxFF"", ""href"": ""https://api.spotify.com/v1/artists/4V8LLVI7PbaPR0K2TGSxFF"", ""type"": ""artist"", ""id"": ""4V8LLVI7PbaPR0K2TGSxFF""}]","Tyler, The Creator",4V8LLVI7PbaPR0K2TGSxFF,IGOR,spotify:album:5zi7WsKlIiUXv09tbGLKsE,2019-06-26T14:51:22.744Z
EARFQUAKE,190066,True,5hVghJ4KaYES3BFUATCYn0,spotify:track:5hVghJ4KaYES3BFUATCYn0,"[{""name"": ""Tyler, The Creator"", ""external_urls"": {""spotify"": ""https://open.spotify.com/artist/4V8LLVI7PbaPR0K2TGSxFF""}, ""uri"": ""spotify:artist:4V8LLVI7PbaPR0K2TGSxFF"", ""href"": ""https://api.spotify.com/v1/artists/4V8LLVI7PbaPR0K2TGSxFF"", ""type"": ""artist"", ""id"": ""4V8LLVI7PbaPR0K2TGSxFF""}]","Tyler, The Creator",4V8LLVI7PbaPR0K2TGSxFF,IGOR,spotify:album:5zi7WsKlIiUXv09tbGLKsE,2019-06-26T14:37:52.971Z
NEW MAGIC WAND,195320,True,0fv2KH6hac06J86hBUTcSf,spotify:track:0fv2KH6hac06J86hBUTcSf,"[{""name"": ""Tyler, The Creator"", ""external_urls"": {""spotify"": ""https://open.spotify.com/artist/4V8LLVI7PbaPR0K2TGSxFF""}, ""uri"": ""spotify:artist:4V8LLVI7PbaPR0K2TGSxFF"", ""href"": ""https://api.spotify.com/v1/artists/4V8LLVI7PbaPR0K2TGSxFF"", ""type"": ""artist"", ""id"": ""4V8LLVI7PbaPR0K2TGSxFF""}]","Tyler, The Creator",4V8LLVI7PbaPR0K2TGSxFF,IGOR,spotify:album:5zi7WsKlIiUXv09tbGLKsE,2019-06-26T14:47:52.540Z
RUNNING OUT OF TIME,177226,True,5QvBXUm5MglLJ3iBfTX2Wo,spotify:track:5QvBXUm5MglLJ3iBfTX2Wo,"[{""name"": ""Tyler, The Creator"", ""external_urls"": {""spotify"": ""https://open.spotify.com/artist/4V8LLVI7PbaPR0K2TGSxFF""}, ""uri"": ""spotify:artist:4V8LLVI7PbaPR0K2TGSxFF"", ""href"": ""https://api.spotify.com/v1/artists/4V8LLVI7PbaPR0K2TGSxFF"", ""type"": ""artist"", ""id"": ""4V8LLVI7PbaPR0K2TGSxFF""}]","Tyler, The Creator",4V8LLVI7PbaPR0K2TGSxFF,IGOR,spotify:album:5zi7WsKlIiUXv09tbGLKsE,2019-06-26T14:44:37.274Z
ARE WE STILL FRIENDS?,265480,True,5TxRUOsGeWeRl3xOML59Ai,spotify:track:5TxRUOsGeWeRl3xOML59Ai,"[{""name"": ""Tyler, The Creator"", ""external_urls"": {""spotify"": ""https://open.spotify.com/artist/4V8LLVI7PbaPR0K2TGSxFF""}, ""uri"": ""spotify:artist:4V8LLVI7PbaPR0K2TGSxFF"", ""href"": ""https://api.spotify.com/v1/artists/4V8LLVI7PbaPR0K2TGSxFF"", ""type"": ""artist"", ""id"": ""4V8LLVI7PbaPR0K2TGSxFF""}]","Tyler, The Creator",4V8LLVI7PbaPR0K2TGSxFF,IGOR,spotify:album:5zi7WsKlIiUXv09tbGLKsE,2019-06-26T15:11:09.475Z
A BOY IS A GUN*,210253,True,1nXZnTALNXiPlvXotqHm66,spotify:track:1nXZnTALNXiPlvXotqHm66,"[{""name"": ""Tyler, The Creator"", ""external_urls"": {""spotify"": ""https://open.spotify.com/artist/4V8LLVI7PbaPR0K2TGSxFF""}, ""uri"": ""spotify:artist:4V8LLVI7PbaPR0K2TGSxFF"", ""href"": ""https://api.spotify.com/v1/artists/4V8LLVI7PbaPR0K2TGSxFF"", ""type"": ""artist"", ""id"": ""4V8LLVI7PbaPR0K2TGSxFF""}]","Tyler, The Creator",4V8LLVI7PbaPR0K2TGSxFF,IGOR,spotify:album:5zi7WsKlIiUXv09tbGLKsE,2019-06-26T15:39:19.625Z
PUPPET,179013,True,0wEC0GNF74lAqrEFZJMl1m,spotify:track:0wEC0GNF74lAqrEFZJMl1m,"[{""name"": ""Tyler, The Creator"", ""external_urls"": {""spotify"": ""https://open.spotify.com/artist/4V8LLVI7PbaPR0K2TGSxFF""}, ""uri"": ""spotify:artist:4V8LLVI7PbaPR0K2TGSxFF"", ""href"": ""https://api.spotify.com/v1/artists/4V8LLVI7PbaPR0K2TGSxFF"", ""type"": ""artist"", ""id"": ""4V8LLVI7PbaPR0K2TGSxFF""}]","Tyler, The Creator",4V8LLVI7PbaPR0K2TGSxFF,IGOR,spotify:album:5zi7WsKlIiUXv09tbGLKsE,2019-06-26T15:42:18.668Z
I THINK,212013,True,4f8Mh5wuWHOsfXtzjrJB3t,spotify:track:4f8Mh5wuWHOsfXtzjrJB3t,"[{""name"": ""Tyler, The Creator"", ""external_urls"": {""spotify"": ""https://open.spotify.com/artist/4V8LLVI7PbaPR0K2TGSxFF""}, ""uri"": ""spotify:artist:4V8LLVI7PbaPR0K2TGSxFF"", ""href"": ""https://api.spotify.com/v1/artists/4V8LLVI7PbaPR0K2TGSxFF"", ""type"": ""artist"", ""id"": ""4V8LLVI7PbaPR0K2TGSxFF""}]","Tyler, The Creator",4V8LLVI7PbaPR0K2TGSxFF,IGOR,spotify:album:5zi7WsKlIiUXv09tbGLKsE,2019-06-26T15:29:22.223Z
RUNNING OUT OF TIME,177226,True,5QvBXUm5MglLJ3iBfTX2Wo,spotify:track:5QvBXUm5MglLJ3iBfTX2Wo,"[{""name"": ""Tyler, The Creator"", ""external_urls"": {""spotify"": ""https://open.spotify.com/artist/4V8LLVI7PbaPR0K2TGSxFF""}, ""uri"": ""spotify:artist:4V8LLVI7PbaPR0K2TGSxFF"", ""href"": ""https://api.spotify.com/v1/artists/4V8LLVI7PbaPR0K2TGSxFF"", ""type"": ""artist"", ""id"": ""4V8LLVI7PbaPR0K2TGSxFF""}]","Tyler, The Creator",4V8LLVI7PbaPR0K2TGSxFF,IGOR,spotify:album:5zi7WsKlIiUXv09tbGLKsE,2019-06-26T15:32:34.081Z
"GONE, GONE / THANK YOU",375386,True,1hz7SRTGUNAtIQ46qiNv2p,spotify:track:1hz7SRTGUNAtIQ46qiNv2p,"[{""name"": ""Tyler, The Creator"", ""external_urls"": {""spotify"": ""https://open.spotify.com/artist/4V8LLVI7PbaPR0K2TGSxFF""}, ""uri"": ""spotify:artist:4V8LLVI7PbaPR0K2TGSxFF"", ""href"": ""https://api.spotify.com/v1/artists/4V8LLVI7PbaPR0K2TGSxFF"", ""type"": ""artist"", ""id"": ""4V8LLVI7PbaPR0K2TGSxFF""}]","Tyler, The Creator",4V8LLVI7PbaPR0K2TGSxFF,IGOR,spotify:album:5zi7WsKlIiUXv09tbGLKsE,2019-06-26T15:51:59.649Z
EARFQUAKE,190066,True,5hVghJ4KaYES3BFUATCYn0,spotify:track:5hVghJ4KaYES3BFUATCYn0,"[{""name"": ""Tyler, The Creator"", ""external_urls"": {""spotify"": ""https://open.spotify.com/artist/4V8LLVI7PbaPR0K2TGSxFF""}, ""uri"": ""spotify:artist:4V8LLVI7PbaPR0K2TGSxFF"", ""href"": ""https://api.spotify.com/v1/artists/4V8LLVI7PbaPR0K2TGSxFF"", ""type"": ""artist"", ""id"": ""4V8LLVI7PbaPR0K2TGSxFF""}]","Tyler, The Creator",4V8LLVI7PbaPR0K2TGSxFF,IGOR,spotify:album:5zi7WsKlIiUXv09tbGLKsE,2019-06-26T15:25:50.330Z
ARE WE STILL FRIENDS?,265480,True,5TxRUOsGeWeRl3xOML59Ai,spotify:track:5TxRUOsGeWeRl3xOML59Ai,"[{""name"": ""Tyler, The Creator"", ""external_urls"": {""spotify"": ""https://open.spotify.com/artist/4V8LLVI7PbaPR0K2TGSxFF""}, ""uri"": ""spotify:artist:4V8LLVI7PbaPR0K2TGSxFF"", ""href"": ""https://api.spotify.com/v1/artists/4V8LLVI7PbaPR0K2TGSxFF"", ""type"": ""artist"", ""id"": ""4V8LLVI7PbaPR0K2TGSxFF""}]","Tyler, The Creator",4V8LLVI7PbaPR0K2TGSxFF,IGOR,spotify:album:5zi7WsKlIiUXv09tbGLKsE,2019-06-26T15:59:06.036Z
I DON'T LOVE YOU ANYMORE,161200,True,5A0M6B0RBSXSNWv0wcppZ9,spotify:track:5A0M6B0RBSXSNWv0wcppZ9,"[{""name"": ""Tyler, The Creator"", ""external_urls"": {""spotify"": ""https://open.spotify.com/artist/4V8LLVI7PbaPR0K2TGSxFF""}, ""uri"": ""spotify:artist:4V8LLVI7PbaPR0K2TGSxFF"", ""href"": ""https://api.spotify.com/v1/artists/4V8LLVI7PbaPR0K2TGSxFF"", ""type"": ""artist"", ""id"": ""4V8LLVI7PbaPR0K2TGSxFF""}]","Tyler, The Creator",4V8LLVI7PbaPR0K2TGSxFF,IGOR,spotify:album:5zi7WsKlIiUXv09tbGLKsE,2019-06-26T15:06:44.025Z
I DON'T LOVE YOU ANYMORE,161200,True,5A0M6B0RBSXSNWv0wcppZ9,spotify:track:5A0M6B0RBSXSNWv0wcppZ9,"[{""name"": ""Tyler, The Creator"", ""external_urls"": {""spotify"": ""https://open.spotify.com/artist/4V8LLVI7PbaPR0K2TGSxFF""}, ""uri"": ""spotify:artist:4V8LLVI7PbaPR0K2TGSxFF"", ""href"": ""https://api.spotify.com/v1/artists/4V8LLVI7PbaPR0K2TGSxFF"", ""type"": ""artist"", ""id"": ""4V8LLVI7PbaPR0K2TGSxFF""}]","Tyler, The Creator",4V8LLVI7PbaPR0K2TGSxFF,IGOR,spotify:album:5zi7WsKlIiUXv09tbGLKsE,2019-06-26T15:54:40.819Z
WHAT'S GOOD,205626,True,6bOkaEXc5CopinGazSLokx,spotify:track:6bOkaEXc5CopinGazSLokx,"[{""name"": ""Tyler, The Creator"", ""external_urls"": {""spotify"": ""https://open.spotify.com/artist/4V8LLVI7PbaPR0K2TGSxFF""}, ""uri"": ""spotify:artist:4V8LLVI7PbaPR0K2TGSxFF"", ""href"": ""https://api.spotify.com/v1/artists/4V8LLVI7PbaPR0K2TGSxFF"", ""type"": ""artist"", ""id"": ""4V8LLVI7PbaPR0K2TGSxFF""}]","Tyler, The Creator",4V8LLVI7PbaPR0K2TGSxFF,IGOR,spotify:album:5zi7WsKlIiUXv09tbGLKsE,2019-06-26T15:45:44.272Z
WHAT'S GOOD,205626,True,6bOkaEXc5CopinGazSLokx,spotify:track:6bOkaEXc5CopinGazSLokx,"[{""name"": ""Tyler, The Creator"", ""external_urls"": {""spotify"": ""https://open.spotify.com/artist/4V8LLVI7PbaPR0K2TGSxFF""}, ""uri"": ""spotify:artist:4V8LLVI7PbaPR0K2TGSxFF"", ""href"": ""https://api.spotify.com/v1/artists/4V8LLVI7PbaPR0K2TGSxFF"", ""type"": ""artist"", ""id"": ""4V8LLVI7PbaPR0K2TGSxFF""}]","Tyler, The Creator",4V8LLVI7PbaPR0K2TGSxFF,IGOR,spotify:album:5zi7WsKlIiUXv09tbGLKsE,2019-06-26T14:57:47.390Z
NEW MAGIC WAND,195320,True,0fv2KH6hac06J86hBUTcSf,spotify:track:0fv2KH6hac06J86hBUTcSf,"[{""name"": ""Tyler, The Creator"", ""external_urls"": {""spotify"": ""https://open.spotify.com/artist/4V8LLVI7PbaPR0K2TGSxFF""}, ""uri"": ""spotify:artist:4V8LLVI7PbaPR0K2TGSxFF"", ""href"": ""https://api.spotify.com/v1/artists/4V8LLVI7PbaPR0K2TGSxFF"", ""type"": ""artist"", ""id"": ""4V8LLVI7PbaPR0K2TGSxFF""}]","Tyler, The Creator",4V8LLVI7PbaPR0K2TGSxFF,IGOR,spotify:album:5zi7WsKlIiUXv09tbGLKsE,2019-06-26T15:35:49.450Z
"GONE, GONE / THANK YOU",375386,True,1hz7SRTGUNAtIQ46qiNv2p,spotify:track:1hz7SRTGUNAtIQ46qiNv2p,"[{""name"": ""Tyler, The Creator"", ""external_urls"": {""spotify"": ""https://open.spotify.com/artist/4V8LLVI7PbaPR0K2TGSxFF""}, ""uri"": ""spotify:artist:4V8LLVI7PbaPR0K2TGSxFF"", ""href"": ""https://api.spotify.com/v1/artists/4V8LLVI7PbaPR0K2TGSxFF"", ""type"": ""artist"", ""id"": ""4V8LLVI7PbaPR0K2TGSxFF""}]","Tyler, The Creator",4V8LLVI7PbaPR0K2TGSxFF,IGOR,spotify:album:5zi7WsKlIiUXv09tbGLKsE,2019-06-26T15:04:02.745Z
